"Date","Title","Content","qwen_lora2_情绪提取"
"2019-12-31 15:43:19","方正证券盘中最高9.03元，股价创近一年新高","12月31日，方正证券盘中最高价9.03元，股价创近一年新高。截至收盘，方正证券最新价为8.67元，上涨1.17%，全日成交金额达到22.57亿元，换手率3.1%。根据最新收盘价进行计算，方正证券总市值为713.72亿元。Choice数据显示，方正证券近一年的前次股价高点出现在2019年4月8日，当日最高价为8.76元(前复权)，后市未能突破前次高点，股价最低于2019年5月6日下探6.28元(前复权)。以最低点为区间起点计算，2019年5月6日至2019年12月31日，方正证券区间累计涨幅达到34.83%。横向与市场指数和所属行业进行比较，2019年5月6日至2019年12月31日区间内，上证指数同期上涨4.94%，申万二级行业证券同期上涨15.3%。个股表现跑赢上证指数，强于所属申万行业指数。从全市场来看，12月31日沪深两市共有惠发食品、星期六、恩捷股份等71只股票价格创近一年新高。其中惠发食品股价已连续15日创下近一年盘中最高价。","情感倾向是积极的。"
"2019-12-31 11:13:49","从谨慎试探到“倾力回归” 外资券商布局中国十年之变","12月20日，上海黄浦区淮海路中环广场的办公楼里，一间办公室门前摆放着开业花篮——这是野村东方国际，日本第一大券商野村证券在中国的控股证券公司正式开张。仅用了9个月时间，野村东方国际便拿下经纪业务、资产管理等4张牌照。睽违中国市场五年，同为日本四大券商之一的大和证券，也在进行着新一轮在华发展的布局。12月初，大和证券设立控股券商的申请获中国证监会受理。外资券商的“倾力回归”不止于此。摩根大通控股券商于日前获批开业，高盛已申请增资控股高盛高华，瑞银集团则于去年年底增持瑞银证券至51%成为首家外资控股的券商……2001年至今，近二十年间，中国资本市场经历了股权分置改革、新股发行体制改革、CEPA框架及协议签署等重大事件，而中国证券业对外开放的步伐从未停止。2019年，监管明确表态加大金融对外开放，并提出取消外资股比限制时点提前、设立科创板、全面推行注册制等多项举措，MSCI、富时罗素等纳入A股，市场化、法制化与国际化齐头推进，这让持续关注中国境内市场的外资机构看到——这一轮金融开放，非同以往。“在当前时点设立控股券商很关键，在中国市场即将步入变化的最初阶段就要进来。如果等到五年之后整个市场格局已经形成，到时候再进来，其实就没有太多业务发挥的空间了。”野村控股中国委员会主席饭山俊康对第一财经记者称。开放初体验瑞银证券是布局中国市场的先行者。董事长钱于军接受第一财经记者采访时提出了非常坚定的论断——当前国内对外资大规模开放，外资入华布局证券业正当其时。从合资到控股，瑞银证券仅用212天就实现了“华丽转身”。证监会今年5月2日受理其变更实控人申请，7月17日作出第一次反馈意见，11月30日正式核准其变更实际控制人。这距离瑞银2006年第一次入华展业，已经过去了13年时间。期间，中国资本市场历经起伏，外资券商也因为开放政策的逐步推进历经几波“浪潮”——从兑现WTO承诺、CEPA框架吸引港资，再到放开持股比例……从瑞银在中国市场的发展，也可一窥中国证券业对外开放的脉络。2001年底加入WTO后，中国逐步落实“加入后3年内，允许外国证券公司设立合营公司，外资比例不超过1/3”承诺。过渡期开启，外资券商得以第一次“由外向内”推开中国证券业的大门。在此之前，我们仅有中金公司一家合资券商。2002年，证监会发布《外资参股证券公司设立规则》，要求外资股东合计持股比例不得超过49%，经营范围限制为股票、债券的承销与保荐、外资股经纪业务、债券经纪和自营业务。政策刚刚落地，就有机构一马当先抢接“绣球”。","情感倾向是积极。"
"2019-12-28 12:44:25","第四家外资控股券商要来了？瑞信方正证券增资又有重要进展 证监会提出七大反馈意见","时隔一年后，外资瑞士信贷拟增资瑞信方正证券一事又有重要进展。近日，证监会对瑞信方正证券增资扩股及变更实控人申请文件提出7条反馈意见，要求瑞信方正证券30日内落实并提供书面回复和电子文档。反馈意见包括拟增资股东的负债情况、诚信合规情况、完善法律意见书、2019年的盈利情况、内部决策程序、公司章程修改草案以及请方正证券提供切实防范利益冲突的机制安排等。方正证券相关负责人告诉券商中国记者，目前他们正根据反馈意见正常推进。截至目前，国内已有瑞银证券、摩根大通证券中国有限公司、野村东方国际证券有限公司3家外资控股券商。在未考虑CEPA框架券商的情况，星展证券和瑞信方正证券，都有望成为第四家外资控股券商，不过还要等待监管审批。证监会提出7大反馈意见去年6月，方正证券公告称，瑞士信贷银行以非公开协议方式单方面向瑞士方正证券增资，增资完成后持股比例由33%提高到51%，瑞士信贷成为瑞信方正的控股股东；方正证券放弃本次增资权，持股比例降低至49.00%，不再控股瑞信方正。今年7月，瑞信方正向证监会递交本次增资相关的行政许可申请。12月23日，证监会就瑞信方正证券增资扩股及变更实际控制人申请文件给出了7条反馈意见：一、根据申请材料，拟增资股东有大额担保并涉及多项司法、监管和仲裁程序。请拟增资股东及其实际控制人合理估计或有负债金额，并说明是否符合“不存在或有负债达到净资产50%的情形”。二、请拟增资股东提供关于其自身及所控制的机构诚信合规情况的说明。三、目前提供的法律意见书未就拟增资股东是否符合相关法律法规要求的证券公司控股股东及实际控制人资格发表明确的意见，请律师事务所根据《律师事务所从事证券法律业务管理办法》(证监会令第41号)、《律师事务所证券法律业务执业规则(试行)》的要求对法律意见书予以完善。四、请提供拟增资股东2019年盈利情况。五、请公司就此次增资扩股及变更实际控制人事项是否已履行相应的内部决策程序提供说明。六、请提供公司章程修改草案。七、请方正证券提供切实防范利益冲突的机制安排。证监会要求瑞信方正证券30日内落实并提供书面回复和电子文档，证监会收到回复后，将根据情况决定是否再次发出反馈意见。","该文本情感是积极的。"
"2019-12-26 19:02:02","方正证券：控股股东方正集团所持11.1亿股股份被司法冻结","方正证券(601901)12月26日晚间公告，因华宝信托与公司控股股东方正集团公司债券交易纠纷案，方正集团所持部分公司股份被上海金融法院裁定冻结。方正集团所持有的公司股份11.10亿股及其孳息(指通过公司派发的送股、转增股、现金红利)被司法轮候冻结，冻结起始日为2019年12月26日，冻结期限3年。截至目前，方正集团持有公司股份数为22.85亿股，占公司总股本的27.75%。","该文本情感是中性的。"
"2019-12-23 20:21:56","北大方正集团20亿元超短融成功展期 获持有人一致同意","12月23日晚，北大方正集团在上海清算所公告称，公司获得债券持有人一致同意，将20亿元境内超短期融资券(19方正SCP 002)展期至2020年2月21日。同时，北大方正集团已于今日全额兑付该笔债券展期前的全部利息。此外，北大方正集团将以其所持有的9450万股重庆银行股票，为上述债券展期提供增信。经21世纪经济报道记者查询，这应该是继美兰机场发行的10亿元“19 美兰机场 SCP001”于12月12日获得展期后，2019年内市场上第二支获得展期的短期融资券。“19方正SCP 002”获得展期根据北大方正集团发布的公告，北大方正集团2019年度第二期超短期融资券(债券简称：19方正SCP002)持有人会议于2019年12月20日在北京召开。该超短期融资券发行金额20亿元，期限270天。参加本次持有人会议的有表决权的机构共计23家，对应“19方正SCP002”持有人所持有的表决权的100%。经债券持有人表决，全部同意将“19方正SCP002”本金兑付日展期至2020年2月21日，期间利息按照原利率4.94%计息。此外，北大方正集团同意以其持有的重庆银行股份有限公司94,506,878股股份，为“19方正SCP002”延期提供增信。就此次展期事宜，北京国枫律师事务所发布法律意见书指出，本次持有人会议的召集、召开程序符合《持有人会议规程》的规定和《募集说明书》的约定；本次持有人会议的表决程序、表决结果合法有效。“19方正SCP 002” 前期利息已于今日全额兑付根据上述持有人会议决议，对于“19方正SCP002”原存续期间的应计利息，北大方正集团将于12月23日向投资人支付。对于债券持有人延期期间内(2019年12月2日至2020年2月21日)的应计利息，将待本次延期到期日支付。上清所12月23日晚发布消息称，已收到北大方正集团2019年度第二期超短期融资券(代码：011900493，简称：19方正SCP002)的全额利息资金，并根据发行人指定的方式于今日代理完成了上述资金的支付工作。方正其他债券交叉违约风险有望解除据了解，“19方正SCP002”原定于12月1日到期，但有15个工作日的宽限期，即“19方正SCP002”需要在12月23日前偿付或展期，否则可能触发方正集团其他债券的交叉违约条款。本次北大方正集团在宽限期内，成功获得“19方正SCP002”债券持有人一致同意，对债券进行展期，不仅使得这只债券免于违约，并有望因此避免触发近30美元离岸债券的交叉违约。受展期成功讯息影响，今日与北大方正集团相关的数只美元债价格均有所回升。年内第二支成功展期的超短融超短期融资券获持有人一致同意进行展期，在此前市场上已开先河。","情感倾向是积极。"
"2019-12-20 20:14:44","方正证券：控股股东方正集团持有的11.1亿股份被冻结","方正证券晚间公告称，公司收到中国结算上海分公司《股权司法冻结及司法划转通知》。控股股东北大方正集团有限公司所持有的公司股份11.1亿股被司法轮候冻结，冻结起始日为12月20日，冻结期限为3年。","以上文本情感极性属于中性。"
"2019-12-20 10:30:15","券商板块拉升 方正证券、南京证券涨停","12月20日早盘，券商板块拉升。截至10:08，方正证券、南京证券涨停，东兴证券、天风证券、中信建投、浙商证券等均有拉升表现。","情感倾向是积极的。"
"2019-12-16 21:52:28","方正证券董监事会换届选举","方正证券12月16日晚间公告，公司当天的股东大会选举了新一届的董监事会成员。获选董事包括施华、高利、何亚刚、廖航、汪辉文、胡滨，独立董事有叶林、李明高、吕文栋，以上9人皆为连任。施华2018年1月至今任方正证券党委书记，2018年9月10日至今任方正证券董事长、法定代表人。","该文本情感是中性的。"
"2019-12-08 00:27:26","北大方正爆雷波及旗下上市公司！两公司59亿市值股份遭冻结","北大方正的债券违约事件正上演连锁反应！12月6日晚间，上市公司方正证券和中国高科双双发布公告称，大股东北大方正所持部分公司股份被司法冻结。其中，北大方正持有方正证券8.49亿股及孽息被司法冻结；北大方正持有中国高科3048.3万股也被司法冻结。据统计，两家上市公司被冻结股份的市值合计达59亿元，此外还有市值约17.63亿元的方正证券股份被轮候冻结。截至12月2日，北大方正还有未到期债券23只，余额总计345.4亿元，其中未来一年内到期债券余额为235.9亿元，偿付压力显然不小。值得注意的是，风波下的北大方正，此前传出拟引入大型央企为战略投资人的消息。此后又有消息称，珠海国资委已派专人负责北大方正的并购重组。所持两家上市公司股份遭冻结，市值合计达59亿元公开资料显示，北大方正是北京大学于1986年投资创办的大型国有控股企业集团，旗下拥有方正科技、方正控股、北大医药、北大资源、方正证券、中国高科等6家上市公司。在爆出债券违约后，北大方正显然麻烦不小。12月6日晚间，北大方正旗下上市公司方正证券和中国高科双双发布公告称，大股东北大方正所持部分公司股份被司法冻结。其中，方正证券公告称，中国证券登记结算有限公司上海分公司根据甘肃省兰州市中级人民法院民事裁定书，对北大方正所持公司8.49亿股及孽息进行了冻结，冻结起始日为12月6日，冻结期限为三年；此外，还对北大方正所持公司2.6亿股及孽息进行了轮候冻结，冻结期限为三年，自转为正式冻结之日起计算。值得注意的是，北大方正共持有方正证券22.85亿股，占总股本的27.75%。如今北大方正被冻结8.49亿股，占到北大方正所持股份的37.16%，按照12月6日方正证券的收盘价计算，被冻结股份市值约为57.56亿元。方正证券表示，此次公司控股股东所持部分公司股份被司法冻结事项，不会对公司日常经营、公司治理等产生影响。与此同时，北大方正持有另外一家上市公司中国高科的股份也遭到股份冻结。中国高科公告称，公司控股股东北大方正所持公司3048.3万股无限售流通股(占公司总股本的5.20%)被司法冻结，按照当前收盘价计算，冻结股份价值1.46亿元。截至该公告披露日，北大方正持有中国高科股份数为1.17亿股，占该公司总股本的比例为20.03%。数据显示，两家上市公司被冻结股份的市值合计将达59亿元，此外还有市值约17.63亿元的方正证券股份被轮候冻结。","以上文本情感是消极的。"
"2019-12-06 19:58:36","方正证券：方正集团所持公司8.49亿股及孽息被司法冻结","方正证券公告称，方正集团所持公司8.49亿股及孽息(指派发的送股、转增股、现金红利)被司法冻结。","情感倾向是消极。"
"2019-12-06 19:28:30","方正证券：控股股东所持公司部分股份被司法冻结","方正证券(601901)12月6日晚公告，当日，中国证券登记结算有限公司上海分公司根据甘肃省兰州市中级人民法院民事裁定书，对方正集团所持公司8.49亿股及孽息进行了冻结，冻结起始日为12月6日，冻结期限为三年；对方正集团所持公司2.6亿股(及孽息进行了轮候冻结，冻结期限为三年，自转为正式冻结之日起计算。此次公司控股股东所持部分公司股份被司法冻结事项，不会对公司日常经营、公司治理等产生影响。【延伸阅读】方正集团20亿债务违约 公司称正在积极筹款12月2日，北大方正集团在上海清算所官网发布《北大方正集团有限公司2019年度第二期超短期融资券未能按期足额偿付本息的公告》，称公司2019年度第二期超短期融资券(19方正SCP002)应于2019年12月2日兑付本息，截至到期兑付日终，公司未能按照约定筹措足额偿付资金。根据公告，这笔超短期融资券的债券发行总额是20亿元，本计息期债券利率为4.94%，债券期限是270天。北大方正集团表示，因流动资金紧张，截至2019年12月2日终，公司未能按照约定筹措足额偿付资金，“19方正SCP002”不能按期足额偿付本息。公司正在通过各种途径积极筹措资金，并加强自身经营，努力保障本期超短期融资券的本息偿付。此外，公司也将全力配合主承销商和债券持有人相关诉求召开持有人会议，商讨本期超短期融资券违约的后续偿债措施。","该文本情感是中性的。"
"2019-12-05 20:54:23","方正证券：LCD市场长周期供需拐点已经显现","方正证券计算机&科技小组在12月5日晚间发布的研报中提出了面板产业投资的三个重要观点。一是国产厂商对韩国厂商在LCD领域的全面替代将是确定性趋势。二是LCD市场长周期供需拐点已经显现。三是2020年起，国产OLED将驱动板块内公司长足成长。方正证券认为，首先，TFT-LCD泛半导体属性决定了其产业发展规律是基于“王氏定律”，它与半导体的“摩尔定律”本质原理是共通的，即技术、生产效率的成长曲线，带动下游的应用渗透，以及需求总量提升。一旦企业脱离产业成长规律，必将面临技术或成本优势的丧失，进而逐步失去市场竞争力。历史上LCD的每一轮产业转移，都是因为先行者缺乏对产业的持续投入导致的。摩尔定律是指，集成电路上可容纳的元器件数目每隔18个月便会增加一倍，性能也将提升一倍或者价格下降一倍。王氏定律是指若保持价格不变，显示产品性能每36个月须提升一倍。但王氏定律的周期正被缩短。其次，从LCD自身的产业周期来看，每一轮行业见底的标志都表现为龙头厂商经营性亏损，行业出现普遍性亏损，最终倒逼落后产能的退出，从而迎来新一轮的成长周期。2019年第三季度行业见底信号再一次显现，并且此轮低谷已经倒逼在行业内领先达二十年的韩国厂商，战略重心转向OLED电视面板等差异化市场，主动关退其最高世代线的产能。这意味着韩国厂商在LCD产能的全面出清已拉开序幕。第三，柔性OLED是驱动面板厂商由LCD的周期属性转向成长属性的核心业务。这种成长性表现为本身显示技术的持续升级、下游应用市场的拓宽、国产厂商份额的长足成长等三个方面。行业的高壁垒也带来较强的产业议价能力，是能够驱动面板“戴维斯双击”(业绩和估值同时提高)的核心业务。预计2020年开始，国产龙头厂商OLED出货量会进一步提升，导入更多国际顶尖客户，以及盈利拐点出现。","以上文本情感极性属于积极。"
"2019-12-05 18:39:25","方正证券：11月份实现净利润2965.67万元","方正证券(601901)12月5日盘后发布2019年11月财务数据简报称，11月份方正证券股份有限公司母公司实现营业收入2.68亿元，实现净利润2965.67万元。","该文本情感是积极的。"
"2019-12-05 18:12:01","瑞信方正：11月净利润亏损48.81万元","方正证券(601901)12月5日盘后发布2019年11月财务数据简报称，11月份控股子公司瑞信方正证券有限责任公司(简称“瑞信方正”)实现营业收入1404.10万元，净利润亏损48.81万元。","该文本情感是消极的。"
"2019-12-03 21:47:08","方正集团拟引入央企作为战略投资人 尚未定合作方及交易方案","12月3日，北大方正集团有限公司(简称：方正集团)旗下上市公司方正证券(601901)、中国高科(600730)等发布公告，对方正集团“正引入大型央企为战略投资人”做出回应。方正证券的公告称，有媒体报道称，方正证券股份有限公司控股股东北大方正集团有限公司的控股股东北大资产经营有限公司(简称“北大资产”)拟为方正集团引入大型央企为战略投资人。经公司向方正集团书面函证：尚未最终确定战略合作方及具体交易方案，后续能否顺利推进存在重大不确定性。敬请广大投资者注意投资风险。方正集团的回函称：经向我司控股股东北大资产了解，按照中央关于高校所属企业体制改革的相关部署，北大资产拟为方正集团引入大型央企作为战略投资人。北大资产正就此事与各方紧密沟通，目前尚未最终确定战略合作方及具体交易方案，后续能否顺利推进存在重大不确定性。一旦最终确定，方正集团实际控制人将可能发生变化。方正证券表示，公司将持续关注该事项的进展情况，及时履行信息披露义务。北大方正集团有限公司官网资料显示，方正集团是北京大学于1986年投资创办的大型国有控股企业集团。王选院士是方正集团的技术奠基人，其发明的“汉字信息处理与激光照排系统”奠定了方正集团的起家之业。官网资料称，方正集团以IT产业的不断深耕和发展为基础，逐步形成了IT、医疗、产业金融、产城融合等业务协同发展的产业格局，旗下拥有方正科技、方正控股、北大医药、北大资源、方正证券、中国高科等6家上市公司。此前一天，方正集团在上海清算所官网发布《北大方正集团有限公司2019年度第二期超短期融资券未能按期足额偿付本息的公告》，披露公司2019年度第二期超短期融资券(19方正SCP002)应于2019年12月2日兑付本息，截至到期兑付日终，公司未能按照约定筹措足额偿付资金。根据公告，这笔超短期融资券的债券发行总额是20亿元，本计息期债券利率为4.94%，债券期限是270天。方正集团表示，因流动资金紧张，截至2019年12月2日终，公司未能按照约定筹措足额偿付资金，“19方正SCP002”不能按期足额偿付本息。公司正在通过各种途径积极筹措资金，并加强自身经营，努力保障本期超短期融资券的本息偿付。10月31日出炉的三季度财务报告显示，方正集团在2019年1-9月份实现营业收入917.69亿元，相比2018年同期的953.55亿元下滑3.76%；归属于母公司股东的净利润为-31.93亿元，相比2018年同期6239.12万元的亏损额，亏损放大了50倍。根据合并资产负债表中披露的负债规模，截至9月30日，方正集团的非流动负债中，应付债券872.37亿元，非流动负债合计1122.22亿元，流动负债合计1907.30亿元，负债合计3029.51亿元。","情感倾向是消极。"
"2019-12-03 19:33:30","方正证券：方正集团尚未最终确定战略合作方及具体交易方案","方正证券(601901)12月3日晚公告，有媒体报道称公司控股股东方正集团的控股股东北大资产拟为方正集团引入大型央企为战略投资人。经公司向方正集团书面函证：尚未最终确定战略合作方及具体交易方案，后续能否顺利推进存在重大不确定性。","该文本情感是中性的。"
"2019-11-20 19:10:31","方正证券：虚假陈述纠纷1310件 计提预计负债8011万","11月20日，方正证券发布公告称公司新收到长沙中院送达的52件投资者起诉案件，涉案金额为962万，具体诉讼情况如下：2017年5月，方正证券因未依法披露控股股东与其他股东的关联关系而受到中国证监会的行政处罚。部分买入公司股票的投资者主张前述事项对其造成了损失，以证券虚假陈述责任纠纷为由，对方正证券、方正集团等提起诉讼。方正证券近日新收到长沙中院送达的52件投资者起诉案件，要求方正证券、方正集团等承担责任的金额合计为964万元。目前，上述案件尚未收到开庭通知。截至目前，公司涉及证券虚假陈述责任纠纷案件共计 1310 件，其中前期方正证券已公告涉及的 1258 件案件，长沙中院均已作出处理。湖南高院已对部分上诉案件作出二审终审判决，部分案件仍在上诉处理过程中。对于发生法律效力的案件，方正证券将按照生效法律文书履行相关责任。方正证券表示，公司此前对该类诉讼事项已计提预计负债 7849.49万，后续根据实际履行责任情况以及赔付情况冲减了部分预计负债；新增的52起诉讼案件，公司已计提预计负债 160.85万，预计减少公司第四季度净利润 120.64万。公司当前对该类诉讼事项累计计提预计负债3928.46万，公司各项业务经营情况正常，本次公告的诉讼对公司业务经营、财务状况及偿债能力无重大影响。公司将持续关注相关案件进展情况，依照法律法规的规定，及时履行信息披露义务。","该文本情感是中性的。"
"2019-10-30 15:45:18","方正证券股份有限公司 第三届董事会第三十一次会议决议公告","证券代码：601901 证券简称：方正证券公告编号：2019-095本公司董事会及全体董事保证本公告内容不存在任何虚假记载、误导性陈述或者重大遗漏，并对其内容的真实性、准确性和完整性承担个别及连带责任。方正证券股份有限公司(以下简称 “公司”)第三届董事会第三十一次会议于2019年10月29日以现场、视频加电话方式召开。现场会议设在北京市西城区丰盛胡同28号太平洋保险大厦11层会议室。本次会议的通知和会议资料于2019年10月18日以电子邮件方式发出。本次会议由董事长施华先生召集和主持，应出席董事9名，实际出席董事9名(施华先生、廖航女士因工作原因以视频方式参会，高利先生现场参会，何亚刚先生、汪辉文先生、胡滨先生、叶林先生、李明高先生、吕文栋先生因工作原因以电话方式参会)，公司两名监事、董事会秘书及部分高级管理人员列席了会议，监事曾毅先生已被暂停职务未列席会议。本次会议的召集、召开程序符合《公司法》、公司《章程》的有关规定。经审议，本次会议形成如下决议：一、审议通过了《方正证券股份有限公司2019年第三季度报告》董事会同意公司编制的《方正证券股份有限公司2019年第三季度报告》。公司《2019年第三季度报告正文》与本公告同日刊登在《中国证券报》《上海证券报》《证券时报》《证券日报》。公司《2019年第三季度报告》全文与本公告同日刊登在上海证券交易所网站(http://www.sse.com.cn)。表决结果：赞成9票，反对0票，弃权0票。二、审议通过了《关于确认2019年第三季度计提预期信用损失的议案》董事会对公司2019年第三季度计提预期信用损失予以确认，具体内容详见公司《2019年第三季度报告》。独立董事发表意见如下：公司董事会在审议本次计提预期信用损失时，决策程序符合有关法律法规和公司《章程》的规定；本次计提预期信用损失是基于谨慎性原则，符合《企业会计准则第22号——金融工具确认和计量》和公司会计政策的规定，有助于真实公允地反映公司的财务状况和经营成果，不存在损害公司及全体股东特别是中小股东利益的情况。因此，我们同意确认本次计提预期信用损失。表决结果：赞成9票，反对0票，弃权0票。特此公告。方正证券股份有限公司董事会2019年10月30日","该文本情感是积极的。"
"2019-10-18 21:19:26","方正证券前三季度实现净利10.75亿元 同比增136.48%","方正证券今日发布公告称，2019年前三个季度公司实现营收49.67亿元，同比增33.95%；实现净利10.75亿元，同比增136.48%。方正证券表示，2019年1月至9月，股市行情回暖，公司经纪业务和自营业务收益大幅增长，公司营业收入、归属于上市公司股东的净利润等同比增长较多。目前，公司各项业务平稳发展，资产结构良好，流动性较强，各项风险控制指标符合《证券公司风险控制指标管理办法》的要求。","该文本情感是积极的。"
"2019-10-18 15:55:49","方正证券：前三季度净利10.75亿元 同比增136%","方正证券(601901)10月18日晚间披露业绩快报，公司2019年前三季度实现营业收入49.67亿元，同比增长33.95%；净利润10.75亿元，同比增长136.48%。每股收益0.13元。","以上文本情感是积极的。"
"2019-10-17 11:20:59","刚刚18年金融老兵辞职！带领券商资管激增2000多亿 还当过一线公募总经理！","又见券商高管离职。10月16日晚间，方正证券公告称，因个人原因，吴姚东申请辞去公司执行委员会委员、副总裁职务。另一方面，今年以来，券商高管频频换将。据基金君不完全统计，年内已经至少有10名券商高管离职，分别分布在光大证券、广发证券、山西证券等8个券商。而仅仅进入10月，7个工作日里，就已经有2家券商的高管离职。方正证券副总裁吴姚东辞职10月16日晚间，方正证券公告称，公司董事会于10月15日收到吴姚东先生的书面辞职报告。因个人原因，吴姚东申请辞去公司执行委员会委员、副总裁职务，并将不再担任公司其他任何职务。对于吴姚东的离职，方正证券表示，其是出于个人职业发展的需要，对于吴姚东在公司任职期间的表现，方正证券给予较高评价，称其任职期间恪尽职守、勤勉尽责，为方正证券资管业务市场竞争力的提升做出了巨大贡献。值得注意的是，基金君从方正证券去年年报里发现，吴姚东担任公司执行委员会委员、副总裁两大职务的任期都是今年11月23日止，而距离任期结束也仅只剩1个多月的时间。不过，据基金君多方打听了解，吴姚东离职后的下一站已确定，很可能近期正式公布。说起吴姚东，其拥有18年证券基金相关行业经验，可谓金融行业的老兵，在资管行业具有深刻广泛的影响力。公开资料显示，吴姚东1969 年 1 月出生，博士。2001 年 8 月至 2004 年 5 月任国通证券(香港)有限公司研究部研究员；2004 年 5 月至 2008 年 5 月历任招商证券股份有限公司武汉营业部总经理、国际业务部董事总经理，2008 年 5 月至 2013 年 4 月任招商证券股份有限公司总裁助理、总裁办公室董事总经理。2013 年 4 月至 2015 年 5 月任博时基金管理有限公司总裁；","该文本情感是中性的。"
"2019-10-17 09:05:20","方正证券股份有限公司关于高级管理人员辞职的公告"," 证券代码：601901 证券简称：方正证券公告编号：2019-092方正证券股份有限公司关于高级管理人员辞职的公告本公司董事会及全体董事保证本公告内容不存在任何虚假记载、误导性陈述或者重大遗漏，并对其内容的真实性、准确性和完整性承担个别及连带责任。方正证券股份有限公司(以下简称“公司”)董事会于2019年10月15日收到高级管理人员吴姚东先生的书面辞职报告。因个人原因，吴姚东先生申请辞去公司执行委员会委员、副总裁职务，并将不再担任公司其他任何职务。吴姚东先生的辞职报告自送达董事会之日起生效。吴姚东先生在公司任职期间恪尽职守、勤勉尽责，公司及董事会对吴姚东先生为公司所做的贡献表示衷心感谢。特此公告。方正证券股份有限公司董事会2019年10月17日","该文本情感是中性的。"
"2019-10-16 20:32:02","方正证券委员会委员吴姚东辞职 年薪为351.5万元","10月16日，方正证券股份有限公司(601901)董事会于2019年10月15日收到高级管理人员吴姚东的书面辞职报告。因个人原因，吴姚东申请辞去公司执行委员会委员、副总裁职务，并将不再担任公司其他任何职务。吴姚东任执行委员会委员，最新一期披露的年薪为351.5万元。最新财报显示，方正证券股份有限公司2019年上半年营业总收入为35.88亿，同比增长55.17%；归属净利润为7.63亿，同比增长270.9%。方正证券股份有限公司(以下简称“方正证券”或“公司”)是中国首批综合类证券公司，上海证券交易所、深圳证券交易所首批会员，于2010年改制为股份有限公司，并于2011年在上海证券交易所上市(股票代码：601901)。根据南都大数据库信息显示：吴姚东，1969年1月出生，博士。2001年8月至2004年5月任国通证券(香港)有限公司研究部研究员；2004年5月至2008年5月历任招商证券股份有限公司武汉营业部总经理、国际业务部董事总经理，2008年5月至2013年4月任招商证券股份有限公司总裁助理、总裁办公室董事总经理；2013年4月至2015年5月任博时基金管理有限公司总裁；2015年5月至7月任招商证券股份有限公司总裁助理；2015年7月至今任公司副总裁，2015年10月至今任公司执行委员会委员，2015年10月至2018年7月兼任方正证券资产管理分公司总经理，2018年4月至今兼任公司国际业务部行政负责人；2016年10月至今任方正香港金控董事；2017年3月至今任中国民族证券副总裁。","该文本情感是中性的。"
"2019-10-16 18:36:59","方正证券副总裁吴姚东辞职","方正证券(601901.SH)今日发布关于高级管理人员辞职的公告。公告称，公司执行委员会委员、副总裁吴姚东辞职。根据公告，公司董事会于2019年10月15日收到高级管理人员吴姚东的书面辞职报告。因个人原因，吴姚东申请辞去公司执行委员会委员、副总裁职务，并将不再担任公司其他任何职务。吴姚东的辞职报告自送达董事会之日起生效。据中国经济网上市公司人事库资料显示，吴姚东，1969年1月出生，博士。2001年8月至2004年5月任国通证券(香港)有限公司研究部研究员；2004年5月至2008年5月历任招商证券股份有限公司武汉营业部总经理、国际业务部董事总经理，2008年5月至2013年4月任招商证券股份有限公司总裁助理、总裁办公室董事总经理；2013年4月至2015年5月任博时基金管理有限公司总裁；2015年5月至7月任招商证券股份有限公司总裁助理；2015年7月至今任公司副总裁，2015年10月至今任公司执行委员会委员，2015年10月至2018年7月兼任方正证券资产管理分公司总经理，2018年4月至今兼任公司国际业务部行政负责人；2016年10月至今任方正香港金控董事；2017年3月至今任中国民族证券副总裁。","情感倾向是中性。"
"2019-10-14 17:31:04","方正证券：母公司9月份净利润1.42亿元","方正证券(601901)10月14日晚间公告，方正证券母公司9月份净利润为1.42亿元，8月份净利润为7995.16万元。","该文本情感是积极的。"
"2019-09-21 04:49:15","方正证券股份有限公司第三届监事会第十八次会议决议公告","证券代码：601901 证券简称：方正证券公告编号：2019-083方正证券股份有限公司第三届监事会第十八次会议决议公告本公司监事会及全体监事保证本公告内容不存在任何虚假记载、误导性陈述或者重大遗漏，并对其内容的真实性、准确性和完整性承担个别及连带责任。2019年9月19日，方正证券股份有限公司(以下简称“公司”)在北京市海淀区苏家坨镇车耳营村97号观舍西山会议室召开了第三届监事会第十八次会议。本次会议的通知和会议资料于2019年9月12日以电子邮件方式发出。本次会议由监事会主席雍苹女士召集和主持，应出席监事3名，实际出席监事2名，曾毅先生已被暂停监事职务未出席会议，董事会秘书列席了会议。本次会议的召集、召开程序符合《公司法》、公司《章程》的有关规定。经审议，本次会议形成如下决议：审议通过了《关于公开征集第四届监事会监事候选人(非职工代表监事)的议案》为公平对待全体股东，监事会同意通过公告方式向全体股东公开征集第四届监事会2名监事候选人(非职工代表监事)。具体内容详见与本公告同日刊登在《中国证券报》《上海证券报》《证券时报》《证券日报》和上海证券交易所网站(http://www.se.com.cn)上的《关于公开征集第四届监事会监事候选人(非职工代表监事)的公告》。表决结果：赞成2票，反对0票，弃权0票。特此公告。方正证券股份有限公司监事会2019年9月21日","以上文本情感是中性的。"
"2019-09-20 05:34:16","方正证券股份有限公司关于全资子公司民族证券完成减少业务范围工商变更登记的公告","证券代码：601901 证券简称：方正证券公告编号：2019-081方正证券股份有限公司关于全资子公司民族证券完成减少业务范围工商变更登记的公告本公司董事会及全体董事保证本公告内容不存在任何虚假记载、误导性陈述或者重大遗漏，并对其内容的真实性、准确性和完整性承担个别及连带责任。方正证券股份有限公司(简称“公司”或“方正证券”)于2018年10月30日召开的第三届董事会第十九次会议审议通过了对全资子公司中国民族证券有限责任公司(简称“民族证券”)的业务整合方案，同意民族证券作为方正证券的承销保荐子公司，仅保留证券承销与保荐业务，其他各项业务全部转移至方正证券。2019年9月9日，民族证券收到中国证券监督管理委员会北京监管局《关于核准中国民族证券有限责任公司减少证券经纪等业务的批复》(京证监许可[2019]51号)，该批复核准民族证券变更业务范围，减少证券经纪、证券投资咨询、与证券交易、证券投资活动有关的财务顾问、证券自营、证券资产管理、证券投资基金代销、融资融券、代销金融产品业务。详见公司在《中国证券报》《上海证券报》《证券时报》《证券日报》和上海证券交易所网站(http://www.sse.com.cn)发布的相关公告。2019年9月18日，民族证券取得了北京市市场监督管理局换发的《营业执照》，经营范围变更为证券承销与保荐。特此公告。方正证券股份有限公司董事会2019年9月20日","情感倾向是积极。"
"2019-09-17 08:03:24","方正证券：从中长期来看 科技引领的结构性行情逐步演绎","方正证券指出，科技股目前具备三大支撑，一是全球流动性宽松环境有利于科技股行情的演绎，2015年之后这一现象较为明显；二是国内政策鼓励创新，资源逐步向科技领域倾斜，深圳先行示范区指导意见对科技创新有所部署，科创板的超预期表现引导资源逐步向科技领域倾斜；三是业绩逐步体现出相对优势，5G建设带来的产业周期启动，上半年TMT50、沪深300、全部A股、中小板、创业板业绩增速分别为20%、10.83%、6.5%、-3.45%、-21.32%，其中二季度单季度业绩增速分别为19.96%、10.82%、3.89%、-1.99%和-28.58%，只有科技龙头的单季度业绩较一季度有提升。","该文本情感是积极的。"
"2019-09-11 05:29:27","方正证券股份有限公司关于全资子公司民族证券获准减少业务范围的公告","证券代码：601901 证券简称：方正证券公告编号：2019-078方正证券股份有限公司关于全资子公司民族证券获准减少业务范围的公告本公司董事会及全体董事保证本公告内容不存在任何虚假记载、误导性陈述或者重大遗漏，并对其内容的真实性、准确性和完整性承担个别及连带责任。方正证券股份有限公司(以下简称“公司”或“方正证券”)于2018年10月30日召开的第三届董事会第十九次会议审议通过了对全资子公司中国民族证券有限责任公司(以下简称“民族证券”)的业务整合方案，同意民族证券作为方正证券的承销保荐子公司，仅保留证券承销与保荐业务，其他各项业务全部转移至方正证券。详见公司在《中国证券报》《上海证券报》《证券时报》《证券日报》和上海证券交易所网站(http://www.sse.com.cn)发布的相关公告。2019年9月9日，民族证券收到中国证券监督管理委员会北京监管局《关于核准中国民族证券有限责任公司减少证券经纪等业务的批复》(京证监许可[2019]51号)，该批复核准民族证券变更业务范围，减少证券经纪、证券投资咨询、与证券交易、证券投资活动有关的财务顾问、证券自营、证券资产管理、证券投资基金代销、融资融券、代销金融产品业务。公司将督促民族证券认真落实上述业务了结计划安排和平稳处理现有客户相关事项方案，确保客户合法权益不受损害，妥善安置员工，维护社会稳定，并按照上述批复的要求办理工商变更登记、换领经营证券期货业务许可证等相关事宜。特此公告。方正证券股份有限公司董事会2019年9月11日","情感倾向是中性。"
"2019-08-22 09:59:12","方正证券上半年净利7.6亿 13亿本金踩雷4宗股票质押","8月19日晚间，方正证券(601901.SH)发布了2019年半年度报告。今年上半年，方正证券实现营业收入35.88亿元，同比增长55.17%；实现归属于上市公司股东的净利润7.63亿元，同比增长270.89%；实现归属于上市公司股东的扣除非经常性损益的净利润7.72亿元，同比增长222.52%；经营活动产生的现金流量净额为213.54亿元。半年报发布后，方正证券股价连续两日轻微下跌。截至8月20日收盘，方正证券报6.85元，跌幅0.29%。截至昨日收盘，方正证券报6.79元，跌幅0.88%。对于业绩上涨的原因，方正证券在半年报中表示，2019年上半年，A股在经历了2018年的持续低迷之后，终于迎来了上扬的走势，科创板并试点注册制加速落地、5G呼之欲出、减税降费政策实施等多重利好持续提振投资者对中国资本市场的信心，证券市场回暖带动了券商业绩增长。截至2019年6月末，方正证券的资产总额为1550.98亿元，同比增长4.64%；负债总额为1158.14亿元，同比增长5.71%。2019年上半年，方正证券主营业务分类别情况中，经纪及信用交易业务、资产管理业务、投资银行业务三类业务营业收入较上年同期均有所增长。报告期内，方正证券经纪及信用交易业务收入为27.06亿元，同比增长18.68%，营业利润率同比减少0.37个百分点；自营投资业务收入为6.85亿元；资产管理业务收入为3.33亿元，同比增长60.14%，营业利润率同比减少1.72个百分点；投资银行业务收入为2.72亿元，同比增长72.27%，营业利润率同比增长46.44个百分点；总部及其他业务收入为-4.08亿元。在投资银行业务方面，2019年上半年，方正证券全资子公司中国民族证券有限责任公司(简称“中国民族证券”)完成1单科创板IPO、1单中小板IPO、1单创业板IPO、3单再融资的申报工作，股权承销总规模13.58亿元，债券承销总规模231.46亿元。半年报显示，2019年上半年，方正证券信用减值损失3.28亿元。方正证券表示，信用减值损失主要系本期行情影响以及实施新金融工具准则影响所致。截至2019年6月30日，方正证券应付职工薪酬为7.31亿元，上年末为7.64亿元。2019年上半年，方正证券支付给职工及为职工支付的现金为14.66亿元，上年同期为15.43亿元。半年报显示，中国民族证券、方正和生投资有限责任公司(简称“方正和生投资”)、方正证券投资有限公司(简称“方正证券投资”)、方正证券(香港)金融控股有限公司(简称“方正香港金控”)为方正证券全资子公司。另外，方正证券持有方正中期期货有限公司(简称“方正中期期货”)92.44%股权，持有方正富邦基金管理有限公司(简称“方正富邦基金”)66.70%股权，持有瑞信方正证券有限责任公司(简称“瑞信方正”)66.70%股权。报告期内，方正证券及在合并报表范围内的所有子公司不存在《上海证券交易所股票上市规则》中要求披露的涉案金额超过1000万元并且占公司最近一期经审计净资产绝对值10%以上的重大诉讼、仲裁事项。","情感倾向是积极的。"
"2019-08-21 11:28:37","方正证券上半年营收35.88亿元 净利润同比增2.71倍","8月19日晚间，方正证券发布了2019年半年报。报告期内，公司实现营业收入35.88亿元，同比增长55.17%，归属于上市公司股东的净利润7.63亿元，同比增长270.89%。根据中国证券业协会此前发布的证券公司2019年上半年度经营数据，与去年同期相比，131家证券公司营业收入增长了41.37%，净利润同比增长了102.86%，方正证券营业收入以及净利润增幅均高于行业平均水平。经纪、自营驱动业绩增长半年报显示，上半年方正证券经纪业务实现代理买卖证券业务净收入12.24亿元，市场份额3.10%，份额较上一年增长5.37%；客户总数1071万户，新开客户57万户；累计服务产品签约客户数50万户，实现投顾业务收入1.22亿元，同比增长67.14%。报告期内，方正证券经纪业务实现手续费净收入13.57亿元。方正证券一位高管透露，目前方正证券正逐步推进投顾、产品和服务战略，优化经纪业务收入结构。他表示，在财富管理方面，方正证券正加速高净值客户服务体系建设，为高净值客户提供独具方正证券特色的专业化财富管理服务，目前逐步形成了以“普惠+高净”双轮驱动的财富管理发展模式。在金融科技方面，方正证券自主研发的“小方”APP在7月的易观月活排名中，活跃用户数达到352.5万，在券商APP中排名行业第四。上述高管透露，金融科技作为方正证券的六大战略举措之一，除了提升客户的投资体验、推进员工展业智能化并提升管理效率以外，金融科技建设目前已经覆盖了业务类、管理及IT基础设施。值得一提的是，自营业务是推升方正证券上半年业绩增长的另一个重要因素。截至6月30日，方正证券自营业务实现营业收入6.85亿元；自营场外期权业务新增场外期权交易对手28个，名义本金规模88.45亿元。方正证券自营业务相关负责人称，方正证券目前为66只基金提供流动性服务，基金类型涵盖股票型、货币型、债券型、商品型基金，是为基金提供流动性服务数量最多的券商。据介绍，今年上半年，方正证券的自营权益投资业务通过深化产业链研究与跟踪，构建了量化的仓位管理方案，形成了稳定的策略和盈利模式，而自营固定收益业务坚持“配置+交易”的投资理念，取得了较好的投资收益和套息收入。机构业务升级ING另一方面，方正证券子公司中国民族证券上半年实现营业收入2.04亿元，完成3单IPO、3单再融资的申报工作，股权承销总规模13.58亿元，债券承销总规模231.46亿元。方正证券投行业务相关负责人认为：“这是充分发挥平台战略和协同效应的结果，我们一直致力于为客户提供一揽子资本市场解决方案。”此外，根据解决同业竞争相关要求，方正证券的新三板推荐业务已全部转移至中国民族证券，今年上半年共完成新三板推荐挂牌项目3家，完成企业定增1次。","该文本情感是积极的。"
"2019-08-20 14:34:32","方正证券上半年营收35.88亿元 净利润同比增长2.71倍","8月19日晚间，方正证券发布了2019年半年报。报告期内，公司实现营业收入35.88亿元，同比增长55.17%，归属于上市公司股东的净利润7.63亿元，同比增长270.89%。根据中国证券业协会此前发布的证券公司2019年上半年度经营数据，与去年同期相比，131家证券公司营业收入增长了41.37%，净利润同比增长了102.86%，方正证券营业收入以及净利润增幅均高于行业平均水平。经纪、自营驱动业绩增长半年报显示，上半年方正证券经纪业务实现代理买卖证券业务净收入12.24亿元，市场份额3.10%，份额较上一年增长5.37%；客户总数1071万户，新开客户57万户；累计服务产品签约客户数50万户，实现投顾业务收入1.22亿元，同比增长67.14%。报告期内，方正证券经纪业务实现手续费净收入13.57亿元。方正证券一位高管透露，目前方正证券正逐步推进投顾、产品和服务战略，优化经纪业务收入结构。他表示，在财富管理方面，方正证券正加速高净值客户服务体系建设，为高净值客户提供独具方正证券特色的专业化财富管理服务，目前逐步形成了以“普惠+高净”双轮驱动的财富管理发展模式。在金融科技方面，方正证券自主研发的“小方”APP在7月的易观月活排名中，活跃用户数达到352.5万，在券商APP中排名行业第四。上述高管透露，金融科技作为方正证券的六大战略举措之一，除了提升客户的投资体验、推进员工展业智能化并提升管理效率以外，金融科技建设目前已经覆盖了业务类、管理及IT基础设施。值得一提的是，自营业务是推升方正证券上半年业绩增长的另一个重要因素。截至6月30日，方正证券自营业务实现营业收入6.85亿元；自营场外期权业务新增场外期权交易对手28个，名义本金规模88.45亿元。方正证券自营业务相关负责人称，方正证券目前为66只基金提供流动性服务，基金类型涵盖股票型、货币型、债券型、商品型基金，是为基金提供流动性服务数量最多的券商。据介绍，今年上半年，方正证券的自营权益投资业务通过深化产业链研究与跟踪，构建了量化的仓位管理方案，形成了稳定的策略和盈利模式，而自营固定收益业务坚持“配置+交易”的投资理念，取得了较好的投资收益和套息收入。机构业务升级ING另一方面，方正证券子公司中国民族证券上半年实现营业收入2.04亿元，完成3单IPO、3单再融资的申报工作，股权承销总规模13.58亿元，债券承销总规模231.46亿元。方正证券投行业务相关负责人认为：“这是充分发挥平台战略和协同效应的结果，我们一直致力于为客户提供一揽子资本市场解决方案。”此外，根据解决同业竞争相关要求，方正证券的新三板推荐业务已全部转移至中国民族证券，今年上半年共完成新三板推荐挂牌项目3家，完成企业定增1次。","以上文本情感极性属于积极。"
"2019-08-20 14:25:13","方正证券股份有限公司2019年度第一期短期融资券发行结果公告","证券代码：601901 证券简称：方正证券公告编号：2019-075方正证券股份有限公司2019年度第一期短期融资券发行结果公告本公司董事会及全体董事保证本公告内容不存在任何虚假记载、误导性陈述或者重大遗漏，并对其内容的真实性、准确性和完整性承担个别及连带责任。方正证券股份有限公司(以下简称“公司”)于2019年8月15日发行了方正证券股份有限公司2019年度第一期短期融资券，现将发行结果公告如下：本期发行短期融资券的相关文件已在以下网站刊登：1。中国货币网：http://www.chinamoney.com.cn；2。上海清算所网站：http://www.shclearing.com。特此公告。方正证券股份有限公司董事会2019年8月20日","该文本情感是中性的。"
"2019-08-20 13:48:07","方正证券股份有限公司第三届董事会第二十九次会议决议公告","证券代码：601901 证券简称：方正证券公告编号：2019-073方正证券股份有限公司第三届董事会第二十九次会议决议公告本公司董事会及全体董事保证本公告内容不存在任何虚假记载、误导性陈述或者重大遗漏，并对其内容的真实性、准确性和完整性承担个别及连带责任。方正证券股份有限公司(以下简称 “公司”)第三届董事会第二十九次会议于2019年8月19日以现场方式召开。现场会议设在北京市西城区丰盛胡同28号太平洋保险大厦11层会议室。本次会议的通知和会议资料于2019年8月9日以电子邮件方式发出。本次会议由董事长施华先生召集和主持，应出席董事9名，实际出席董事9名(公司独立董事吕文栋先生委托独立董事李明高先生代为出席会议并行使表决权)，公司两名监事、董事会秘书及部分高级管理人员列席了会议，监事曾毅先生已被暂停职务未列席会议。本次会议的召集、召开程序符合《公司法》、公司《章程》的有关规定。经审议，本次会议形成如下决议：一、审议通过了《方正证券股份有限公司2019年半年度报告》董事会同意公司编制的《方正证券股份有限公司2019年半年度报告》。公司《2019年半年度报告摘要》与本公告同日刊登在《中国证券报》《上海证券报》《证券时报》《证券日报》和上海证券交易所网站(http://www.sse.com.cn)。公司《2019年半年度报告》全文与本公告同日刊登在上海证券交易所网站(http://www.sse.com.cn)。表决结果：赞成9票，反对0票，弃权0票。二、审议通过了《关于确认2019年半年度计提预期信用损失的议案》董事会对公司2019年上半年计提预期信用损失予以确认，具体内容详见公司《2019年半年度报告》第五节“重要事项”。独立董事发表意见如下：本次确认计提预期信用损失是基于谨慎性原则，符合《企业会计准则第22号——金融工具确认和计量》和公司会计政策的规定，有助于真实公允地反映公司的财务状况和经营成果，决策程序符合有关法律法规的规定，不存在损害公司及全体股东特别是中小股东利益的情况。","该文本情感是中性的。"
"2019-08-20 09:49:06","方正证券股份有限公司第三届监事会第十七次会议决议公告","证券代码：601901 证券简称：方正证券公告编号：2019-074方正证券股份有限公司第三届监事会第十七次会议决议公告本公司监事会及全体监事保证本公告内容不存在任何虚假记载、误导性陈述或者重大遗漏，并对其内容的真实性、准确性和完整性承担个别及连带责任。2019年8月19日，方正证券股份有限公司(以下简称“公司”)在北京市西城区丰盛胡同28号太平洋保险大厦11层会议室召开了第三届监事会第十七次会议。本次会议的通知和会议资料于2019年8月9日以电子邮件方式发出。本次会议由监事会主席雍苹女士召集和主持，应出席监事3名，实际出席监事2名，曾毅先生已被暂停监事职务未出席会议，董事会秘书列席了会议。本次会议的召集、召开程序符合《公司法》、公司《章程》的有关规定。经审议，本次会议形成如下决议：一、审议通过了《方正证券股份有限公司2019年半年度报告》经审核，监事会认为公司2019年半年度报告的编制和审议程序符合《公司法》《证券法》及公司《章程》的规定。报告格式符合中国证监会和上海证券交易所的要求，报告内容真实、准确、完整地反映了公司本报告期内的财务状况和经营成果，不存在虚假记载、误导性陈述或重大遗漏。表决结果：赞成2票，反对0票，弃权0票。二、审议通过了《关于确认2019年半年度计提预期信用损失的议案》监事会认为，公司2019年施行《企业会计准则第22号—金融工具确认和计量》，按照会计准则规定对摊余成本计量的金融资产和公允价值计量且其变动计入其他综合收益的债务工具，于后续计量时确认并计提预期信用损失，符合公司实际情况，体现了公司会计政策的稳健、谨慎，相关决策程序符合相关法律法规的规定，不存在损害公司及全体股东特别是中小股东合法利益的情况。监事会同意公司合并层面对摊余成本计量的金融资产和公允价值计量且其变动计入其他综合收益的债务工具确认并计提信用损失。表决结果：赞成2票，反对0票，弃权0票。特此公告。","该文本情感是中性的。"
"2019-08-19 18:24:06","方正证券上半年实现净利7.63亿元 同比增长270.89%","方正证券(601901)8月19日晚间发布2019年半年度业绩报告，公司2019年上半年实现营业收入35.88亿元，同比增长55.17%；实现归属于上市公司股东的净利润7.63亿元，同比增长270.89%；基本每股收益为0.09元/股，同比增长200%。经纪业务及自营业务推升业绩表现作为方正证券的优势业务，今年上半年，方正证券经纪业务实现代理买卖证券业务净收入12.24亿元，市场份额为3.10%，份额较上一年增长5.37%；客户总数1071万户，新开客户57万户；累计服务产品签约客户数50万户，实现投顾业务收入1.22亿元，同比增长67.14%。报告期内，方正证券经纪业务实现手续费净收入13.57亿元。方正证券一位高管透露，目前方正证券正逐步推进投顾、产品和服务战略，优化经纪业务收入结构。他表示，在财富管理方面，方正证券将坚持分散客户投资风险，贯彻全面资产配置的客户服务理念，加速高净值客户服务体系建设，为高净值客户提供独具方正证券特色的专业化财富管理服务，目前逐步形成了以“普惠+高净”双轮驱动的财富管理发展模式。在自营业务方面，截至6月30日，方正证券自营业务实现营业收入6.85亿元，自营场外期权业务新增场外期权交易对手28个，名义本金规模为88.45亿元。方正证券自营业务相关负责人称，方正证券目前为66只基金提供流动性服务，基金类型涵盖股票型、货币型、债券型、商品型基金，公司目前是为基金提供流动性服务数量最多的券商。同时，该负责人表示，2019年上半年，方正证券的自营权益投资业务通过深化产业链研究与跟踪，构建了量化的仓位管理方案，形成了稳定的策略和盈利模式；自营固定收益业务坚持“配置+交易”的投资理念，取得了较好的投资收益和套息收入。机构业务持续升级半年报显示，方正证券子公司中国民族证券在报告期内实现营业收入2.04亿元，完成3单IPO、3单再融资的申报工作，股权承销总规模为13.58亿元，债券承销总规模为231.46亿元。同时，方正证券投行业务相关负责人称，在新三板业务方面，根据解决同业竞争相关要求，公司的新三板推荐业务已全部转移至中国民族证券，今年上半年共完成新三板推荐挂牌项目3家，完成企业定增1次。另外，在资产管理业务方面，截至6月30日，方正证券资产管理业务实现手续费净收入3.3亿元，受托资产总规模为2579.54亿元。其中，集合资产管理计划受托规模为373.66亿元；定向资产管理计划受托规模为1861.81亿元；专向资产管理计划受托规模为344.07亿元；主动型管理业务规模为803.2亿元，同比增长11.77%。业内人士表示，市场转好对于券商的轻资产业务是利好，但中长期而言，随着资本市场直接融资制度改革的持续深化，券商机构服务业务的类型将更加丰富，这要求券商有更强大的综合实力。该人士称，方正证券多项业务的竞争力将逐步显现。","以上文本情感极性属于积极。"
"2019-08-19 17:17:45","方正证券：上半年净利同比增270.89%","方正证券(601901)8月19日晚披露半年报，上半年营收为35.88亿元，同比增长55.17%；净利为7.63亿元，同比增长270.89%。基本每股收益0.09元。报告期，证券市场回暖带动了券商业绩增长。","该文本情感是积极的。"
"2019-08-09 20:57:18","方正证券上半年净利7.63亿元 同比增271%","8月9日，方正证券发布业绩快报称，上半年实现营收35.88亿元，同比增长55.17%；净利润7.63亿元，同比增长270.89%。方正证券表示，公司业绩增长受益于上半年股市行情回暖，公司经纪业务和自营业务收益大幅增长。","以上文本情感是积极的。"
"2019-08-09 19:03:35","方正证券业绩快报：上半年净利同比增271%","方正证券(601901)8月9日晚间发布业绩快报，上半年实现营收35.88亿元，同比增长55.17%；净利7.63亿元，同比增长270.89%。上半年，股市行情回暖，公司经纪业务和自营业务收益大幅增长。","以上文本情感是积极的。"
"2019-08-09 18:06:44","方正证券业绩快报：上半年净利同比增271%","方正证券(601901)8月9日晚间发布业绩快报，上半年实现营收35.88亿元，同比增长55.17%；净利7.63亿元，同比增长270.89%。上半年，股市行情回暖，公司经纪业务和自营业务收益大幅增长。","该文本情感是积极的。"
"2019-08-09 17:39:12","方正证券上半年净利润同比增长211.55%","8月9日晚间，方正证券发布2019年半年度业绩快报，前六个月实现营业收入35.88亿元，同比增长55.17%；归母净利润达7.63亿元，同比增长211.55%。扣非后，归母净利润达7.72亿元，同比增幅为222.52%。截至2019年6月30日，方正证券资产总额达1550.98亿元，较2018年末增长4.64%；归属于上市公司股东的所有者权益为383.25亿元，较2018年末增长1.51%。业绩快报称，2019年1-6月，得益于股市行情回暖，公司经纪业务和自营业务收益大幅增长。目前，公司各项业务平稳发展，资产结构良好，流动性较强，各项风险控制指标符合《证券公司风险控制指标管理办法》的要求。","以上文本情感是积极的。"
"2019-08-06 18:21:38","方正证券：母公司7月实现净利6028.53万元","方正证券(601901)8月6日晚间公告，方正证券(母公司)7月实现营业收入2.79亿元，净利润6028.53万元。","以上文本情感极性属于中性。"
"2019-08-02 16:43:41","方正证券：民族证券注册资本变更为8亿元","8月2日，方正证券发布公告称，民族证券已取得换发的《营业执照》，注册资本已由44.87亿元变更为8亿元。方正证券于2018年10月30日通过民族证券的净资产减资及业务整合方案，同意民族证券作为方正证券的承销保荐子公司，仅保留证券承销与保荐业务，其他各项业务全部转移至方正证券；方正证券以转移资产与负债的方式减少民族证券净资产，对应减少其实收资本和资本公积，民族证券注册资本由44.87亿元减少至8亿元。","情感倾向是中性。"
"2019-08-01 20:39:19","方正证券：2018年度每股现金分红0.026元","8月1日，方正证券发布2018年度权益分派实施公告。具体方案为：以公司截至2018年12月31日的股份总数82.32亿为基数，向2018年利润分配股权登记日登记在册的全体股东，每10股派发现金红利人民币0.26元(含税)。公司通过集中竞价交易方式回购的股份不参与利润分配，具体实施分配方案时，以扣除股权登记日回购专户上已回购股份后的股份数为基数，拟派发现金红利总额不超过人民币2.14亿元(含税)。此次不进行资本公积转增股本。2018年度公司剩余可供分配的未分配利润结转入下一年度。此次权益分派股权登记日为2019年8月8日，除权(息)日为2019年8月9日。","情感倾向是积极。"
"2019-08-01 20:07:07","方正证券公布2018年权益分派方案","方正证券将于8月9日派发2018年年度红利。向全体股东每10股派发现金红利人民币0.26元，拟派发现金红利总额不超过人民2.14亿元。","该文本情感是中性的。"
"2019-07-30 09:45:43","方正证券股份有限公司关于全资子公司民族证券获准减少注册资本的公告","证券代码：601901 证券简称：方正证券公告编号：2019-068方正证券股份有限公司关于全资子公司民族证券获准减少注册资本的公告本公司董事会及全体董事保证本公告内容不存在任何虚假记载、误导性陈述或者重大遗漏，并对其内容的真实性、准确性和完整性承担个别及连带责任。方正证券股份有限公司(以下简称“公司”或“方正证券”)于2018年10月30日召开的第三届董事会第十九次会议审议通过了对全资子公司中国民族证券有限责任公司(以下简称“民族证券”)的净资产减资及业务整合方案，同意民族证券作为方正证券的承销保荐子公司，仅保留证券承销与保荐业务，其他各项业务全部转移至方正证券；方正证券以转移资产与负债的方式减少民族证券净资产，对应减少其实收资本和资本公积，民族证券注册资本由44.87亿元减少至8亿元。详见公司在《中国证券报》《上海证券报》《证券时报》《证券日报》和上海证券交易所网站(http://www.sse.com.cn)发布的相关公告。2019年7月26日，民族证券收到中国证券监督管理委员会北京监管局《关于核准中国民族证券有限责任公司变更注册资本的批复》(京证监许可[2019]34号)，该批复核准民族证券注册资本由44.87亿元变更为8亿元。公司将切实履行承诺，确保民族证券变更注册资本后不发生经营风险，业务活动正常进行。公司将督促民族证券按照上述批复的要求办理工商变更登记、换领经营证券期货业务许可证及修改公司章程等相关事宜。特此公告。方正证券股份有限公司董事会2019年7月30日","情感倾向是中性。"
"2019-07-29 17:43:45","方正证券：全资子公司民族证券获准减少注册资本至8亿元","7月29日，方正证券发布公告称，2019年7月26日，民族证券收到中国证监会北京监管局《关于核准中国民族证券有限责任公司变更注册资本的批复》，核准民族证券注册资本由44.87亿元变更为8亿元。公告显示，方正证券于2018年10月30日召开第三届董事会第十九次会议，审议通过了对全资子公司中国民族证券有限责任公司的净资产减资及业务整合方案，同意民族证券作为方正证券的承销保荐子公司，仅保留证券承销与保荐业务，其他各项业务全部转移至方正证券；方正证券以转移资产与负债的方式减少民族证券净资产，对应减少其实收资本和资本公积，民族证券注册资本由44.87亿元减少至8亿元。方正证券表示，方正证券将切实履行承诺，确保民族证券变更注册资本后不发生经营风险，业务活动正常进行。公司将督促民族证券按照上述批复的要求办理工商变更登记、换领经营证券期货业务许可证及修改公司章程等相关事宜。","该文本情感是中性的。"
"2019-07-26 18:01:01","方正证券终止在全国中小企业股份转让系统从事推荐业务","7月26日，方正证券发布公告称，公司的全国中小企业股份转让系统推荐业务已转移至民族证券，并向全国股转公司报送了终止该项业务的申请书。2019年7月26日，公司收到全国股转公司的《主办券商业务终止函》，同意公司终止在全国中小企业股份转让系统从事推荐业务。方正证券表示，公司将严格按照相关法律、行政法规、部门规章和全国股转系统业务规则要求，认真做好业务终止后续处置工作，保证业务平稳过渡，切实保护投资者合法权益，维护市场正常秩序。","该文本情感是中性的。"
"2019-07-18 19:00:26","漩涡中的方正证券再度迎来首席经济学家","7月18日，方正证券宣布任命北大经济政策研究所所长颜色为其首席经济学家。自明星经济学家任泽平离职之后，方正证券首席经济学家一职一直空缺。据经济观察网记者了解，颜色为兼职担任方正证券首席经济学家。根据方正证券公号资料，在谈及加入方正证券的工作计划，颜色表示，首先，要携手方正证券总量研究团队提升专业性和影响力。第二，努力加强与一行两会、发改委、财政部等部委的沟通，深化对政策的理解。第三，协助方正证券与重点客户建立长期、稳定、深入的协作共赢关系。翻看颜色的履历，其过往的工作经历偏向学术路线。加入方正证券之前，颜色任北京大学光华管理学院博士生导师、北京大学经济政策研究所副所长，曾任渣打银行资深经济学家。其研究方向宏观经济学、中国经济和经济史。公开资料显示，颜色研究的问题主要集中在经济增长和发展的原因、过程和结果。他尤其关注经济增长过程中居民实际收入、收入分配、代际流动等现象，以及技术进步、全球化、教育和人力资源积累等因素在此过程所起的作用。颜色关于中国经济增长的最新观点认为，经济大概率会在今年四季度，特别是年底时见底。明年之后，预期将会逐步改善，经济企稳回升。当下经济政策的着眼点是托底与防风险，在三季度立刻进行大规模的财政与货币政策刺激的空间非常小，但是政策的重心可能在四季度开始逐渐从防风险转到稳增长。因为决胜小康的目标要求今明两年平均GDP增速达到6.3左右，从目前经济运行趋势来看，今年GDP增速达到6.3%的难度较大，所以四季度有较大可能进行更大程度的财政与货币政策的逆周期调节。同时中美关系在今年四季度有一定的改善的可能，会逐步提升市场预期。Wind数据显示，方正证券去年分仓佣金收入2.21亿元，同比下滑12.11%，在所有券商中排名第13.2017年方正证券分仓佣金收入2.52亿元，排名第15。去年年报数据显示，方正证券研究与QFII业务人员总数为195人。在最新披露的财务数据中，方正证券6月份亏损9928.52万元。得益于回暖的行情，6月份券商集体打了翻身仗，多数券商6月份营收都有不同幅度的增长。而方正证券却逆势亏损，其公告表示，主要原因在于本月方正证券信用业务等计提预期信用损失约4.22亿元，减少净利润约3.21亿元。记者梳理过往公告发现，方正证券近来踩雷多起股票质押式回购。方正证券7月10日公告显示，广州瑞丰集团股份有限公司(以下简称“广州瑞丰”)、林永飞、翁武强等客户作为融入方分别与方正证券股份有限公司(以下简称“公司”)开展股票质押式回购交易。因上述融入方开展的股票质押式回购交易均发生了违约。截至2019年上半年末，公司已对上述案件计提减值准备约6484.2万元。此前5月16日的公告显示，2017年，天津信利隆科技有限公司作为融入方与方正证券股份有限公司开展了3笔股票质押式回购交易。天津信利隆以持有的6663.55万股北讯集团股票(*ST北讯，证券代码：002359)质押给公司进行融资。因债务人天津信利隆未按合同约定偿还债务，上述3笔股票质押式回购交易于2018年8月-9月期间均发生违约。3笔股票质押式回购交易融资本金合计4.48亿元。目前两起案件均在执行过程中。","该文本情感是积极的。"
"2019-07-18 15:58:26","方正证券迎来新的首席经济学家：北大光华学院博导颜色出任","时隔一年半，方正证券再度迎来首席经济学家。7月18日，方正证券研究所发布消息称，北京大学光华管理学院博士生导师、北京大学经济政策研究所副所长颜色将担任方正证券首席经济学家。简历显示，颜色获得北京大学经济学学士、硕士学位，美国UCLA经济系博士学位，曾任渣打银行资深经济学家。目前担任世界经济史协会中国执委、中国人民银行青联委员、CF40论坛青年学术委员。颜色对宏观经济政策、货币、金融和外汇市场有较为深入研究，常年为国家相关部门和金融市场提供经济政策咨询与分析服务。颜色的研究方向为宏观经济学、中国经济和经济史。在《Journal of International Economics》、《International Economic Review》、《经济研究》、《管理世界》等国内外著名期刊发表数十篇论文，研究课题获得美国国家自然科学基金、中国国家社科基金和中国教育部人文社科基金资助。方正证券研究所官方微信消息显示，颜色解释了自己之所以选择方正证券的原因。他表示，方正证券研究所经历多年卖方研究积淀，研究覆盖齐全，拥有大约30个研究小组，研究评选综合实力持续位居前十。“与方正证券合作，是为了在更大的平台上展示自己对于宏观经济和政策的理解，为金融行业乃至整个经济奉献更多的自身价值。北大光华和方正证券同根同源，此番产学研合作是学术研究和商业研究的强强联合。”谈及随后的工作计划，颜色表示，首先，要携手方正证券总量研究团队提升专业性和影响力。一个好的研究所要立足于深度研究，练好内功是更好地理解市场、服务客户的关键。第二，努力加强与一行两会，发改委、财政部等部委的沟通，深化对政策的理解。第三，协助方正证券与重点客户建立长期、稳定、深入的协作共赢关系。颜色的研究方向为宏观经济学、中国经济和经济史，那么他是如何预测2019年全年经济形势？他指出，目前经济工作的主线为决胜小康，有两个要素对其非常重要，第一是稳增长，第二是防风险，两手都要硬。但是在稳增长和防风险之间如何平衡是非常需要政策制定者思考的问题。“我们认为当下经济政策的着眼点是托底与防风险，在三季度立刻进行大规模的财政与货币政策刺激的空间非常小，因为这样的刺激可能会带来系统性金融风险，进一步提高杠杆率。因此我们认为三季度的经济形势还会逐步探底。”他进一步强调，政策的重心可能在四季度开始逐渐从防风险转到稳增长。因为决胜小康的目标要求今明两年平均GDP增速达到6.3%左右，从目前经济运行趋势来看，今年GDP增速达到6.3%的难度较大，所以四季度有较大可能进行更大程度的财政与货币政策的逆周期调节。所以颜色认为，经济大概率会在今年四季度，特别是年底时见底。明年之后，预期将会逐步改善，经济企稳回升 。","该文本情感是积极的。"
"2019-07-18 14:07:15","时隔一年半 方正证券再度迎来首席经济学家","7月18日，方正证券研究所宣布，时隔一年半，方正证券再度迎来首席经济学家，由颜色担任。颜色为北京大学光华管理学院博士生导师、北京大学经济政策研究所副所长。曾任渣打银行资深经济学家。目前担任世界经济史协会中国执委、中国人民银行青联委员、CF40论坛青年学术委员。研究方向为宏观经济学、中国经济和经济史。颜色表示，方正证券研究所经历多年卖方研究积淀，研究覆盖齐全，拥有大约30个研究小组，研究评选综合实力持续位居前十。与方正证券合作，是为了在更大的平台上展示自己对于宏观经济和政策的理解，为金融行业乃至整个经济奉献更多的自身价值。","该文本情感是积极的。"
"2019-07-16 14:42:04","方正证券股份有限公司 第三届董事会第二十八次会议决议公告","证券代码：601901 证券简称：方正证券公告编号：2019-065本公司董事会及全体董事保证本公告内容不存在任何虚假记载、误导性陈述或者重大遗漏，并对其内容的真实性、准确性和完整性承担个别及连带责任。方正证券股份有限公司(以下简称“公司”)第三届董事会第二十八次会议于2019年7月15日以现场、视频加电话方式召开。现场会议设在北京市西城区丰盛胡同28号太平洋保险大厦11层会议室。本次会议的通知和会议资料于2019年7月10日以电子邮件方式发出。本次会议由董事长施华先生召集和主持，应出席董事9名，实际出席董事9名(施华先生因工作原因以视频方式参会，高利先生现场参会，何亚刚先生、廖航女士、汪辉文先生、胡滨先生、叶林先生、李明高先生、吕文栋先生因工作原因以电话方式参会)，公司两名监事及董事会秘书列席了会议，监事曾毅先生已被暂停职务未列席会议。本次会议的召集、召开程序符合《公司法》、公司《章程》的有关规定。经审议，本次会议形成如下决议：审议通过了《关于聘任董事会秘书的议案》经董事长提名，董事会提名委员会审核，董事会同意聘任何亚刚先生为公司董事会秘书，其任期与第三届董事会任期一致。公司独立董事发表独立意见如下：拟任董事会秘书的提名、审核及聘任程序符合《公司法》及公司《章程》的相关规定；经审查个人履历等相关资料，我们认为何亚刚先生具备担任上市公司董事会秘书的履职能力；我们同意聘任何亚刚先生为公司董事会秘书。表决结果：赞成9票，反对0票，弃权0票。特此公告。方正证券股份有限公司董事会2019年7月16日附件何亚刚先生简历何亚刚先生，1964年5月出生，硕士，现任公司董事、执行委员会副主任、总裁、首席运营官(COO)。曾任泰阳证券有限责任公司总裁、方正证券有限责任公司副总裁、公司副总裁、执行委员会委员；曾任中国民族证券有限责任公司董事长、瑞信方正证券有限责任公司监事会主席、方正富邦基金管理有限公司监事。2013年12月至今任方正中期期货有限公司董事；2017年5月至今任方正富邦基金管理有限公司董事长、方正和生投资有限责任公司董事长、方正富邦创融资产管理有限公司董事；2017 年7月至今任方正证券(香港)金融控股有限公司董事；2018年11月至今任瑞信方正证券有限责任公司董事。2015年2月至今任公司董事，2015年7月至今任公司执行委员会副主任、总裁、首席运营官(COO)。何亚刚先生未持有公司股份，与公司控股股东、实际控制人及持有公司5%以上股份的股东不存在关联关系，未受过中国证监会的行政处罚和证券交易所惩戒。","情感倾向是积极。"
"2019-07-12 14:18:41","方正证券股份有限公司关于公司涉及诉讼的公告","证券代码：601901 证券简称：方正证券公告编号：2019-064本公司董事会及全体董事保证本公告内容不存在任何虚假记载、误导性陈述或者重大遗漏，并对其内容的真实性、准确性和完整性承担个别及连带责任。重要内容提示：所处诉讼阶段：立案阶段公司所处当事人地位：被告本次诉讼不涉及金额，对公司本期利润及期后利润均无影响。方正证券股份有限公司(以下简称“方正证券”或“公司”)于2019年7月11日收到湖南省长沙市天心区人民法院发来的《应诉通知书》((2019)湘0103民初5419号)《传票》《民事起诉状》等诉讼文书，公司股东北京政泉控股有限公司(以下简称“政泉控股”)以公司决议撤销纠纷为由对公司提起诉讼，湖南省长沙市天心区人民法院已受理该案。一、本次诉讼的基本情况(一)各方当事人原告：北京政泉控股有限公司被告：方正证券股份有限公司(二)原告主张的主要诉讼事实及理由方正证券第三届董事会第二十六次会议于2019年5月29日审议通过了《关于停止向政泉控股发放公司2018年度红利的议案》(以下简称“《议案》”)，政泉控股认为上述决议的作出程序以及决议内容均严重违反了《方正证券股份有限公司章程》(以下简称“《章程》”)的规定：1。独立董事未就《议案》发表独立意见并予以披露，违反《章程》第二百四十九条的规定；2。政泉控股已完成出资义务，不存在抽逃出资行为，方正证券董事会限制股东权利违反了《章程》中股东依据股东名册享有权利，以及依据持有股份比例进行分红的规定。(三)原告诉讼请求1。撤销方正证券董事会于2019年5月29日作出的通过《关于停止向政泉控股发放公司2018年度红利的议案》的决议。2。判令被告方正证券承担本案的诉讼费用。二、本次公告的诉讼对公司本期利润或期后利润等的影响公司将积极答辩应诉本案。本次诉讼不涉及金额，对公司本期利润及期后利润均无影响。公司将按照相关规定，对本次诉讼的进展情况及时履行信息披露义务，敬请投资者注意投资风险。特此公告。方正证券股份有限公司董事会2019年7月12日","该文本情感是中性的。"
"2019-07-12 08:53:54","方正证券：股东政泉控股提起诉讼","7月11日，方正证券发布公告称，公司于今日收到湖南省长沙市天心区人民法院发来的《应诉通知书》《传票》《民事起诉状》等诉讼文书，公司股东政泉控股以公司决议撤销纠纷为由对公司提起诉讼，湖南省长沙市天心区人民法院已受理该案。公司于2019年5月29日审议通过了《关于停止向政泉控股发放公司2018年度红利的议案》。政泉控股认为，上述决议的作出程序以及决议内容均严重违反了《方正证券股份有限公司章程》的规定，即独立董事未就《议案》发表独立意见并予以披露，违反《章程》第二百四十九条的规定；政泉控股已完成出资义务，不存在抽逃出资行为，方正证券董事会限制股东权利违反了《章程》中股东依据本公司董事会及全体董事保证本公告内容不存在任何虚假记载、误导性陈述或者重大遗漏，并对其内容的真实性、准确性和完整性承担个别及连带责任。政泉控股要求撤销公司董事会于通过《关于停止向政泉控股发放公司2018年度红利的议案》的决议，并判令被告方正证券承担本案的诉讼费用。方正证券表示，公司将积极答辩应诉此案。此次诉讼不涉及金额，对公司此期利润及期后利润均无影响。公司将按照相关规定，对此次诉讼的进展情况及时履行信息披露义务。","该文本情感是中性的。"
"2019-07-11 21:25:05","方正证券：股东政泉控股提起诉讼 要求撤销停止向其发放2018年度红利议案","7月11日，方正证券发布公告称，公司于今日收到湖南省长沙市天心区人民法院发来的《应诉通知书》《传票》《民事起诉状》等诉讼文书，公司股东政泉控股以公司决议撤销纠纷为由对公司提起诉讼，湖南省长沙市天心区人民法院已受理该案。公司于2019年5月29日审议通过了《关于停止向政泉控股发放公司2018年度红利的议案》。政泉控股认为，上述决议的作出程序以及决议内容均严重违反了《方正证券股份有限公司章程》的规定，即独立董事未就《议案》发表独立意见并予以披露，违反《章程》第二百四十九条的规定；政泉控股已完成出资义务，不存在抽逃出资行为，方正证券董事会限制股东权利违反了《章程》中股东依据本公司董事会及全体董事保证本公告内容不存在任何虚假记载、误导性陈述或者重大遗漏，并对其内容的真实性、准确性和完整性承担个别及连带责任。政泉控股要求撤销公司董事会于通过《关于停止向政泉控股发放公司2018年度红利的议案》的决议，并判令被告方正证券承担本案的诉讼费用。方正证券表示，公司将积极答辩应诉此案。此次诉讼不涉及金额，对公司此期利润及期后利润均无影响。公司将按照相关规定，对此次诉讼的进展情况及时履行信息披露义务。","该文本情感是中性的。"
"2019-07-05 19:12:15","方正证券：获准设立30家分支机构","方正证券(601901)7月5日晚公告，公司当日收到湖南证监局的批复，获准设立30家分支机构。","该文本情感是积极的。"
"2019-06-19 15:41:59","2018年32家券商公益性支出达4.4亿元 方正证券以4667.6万元居首","今日，证券业协会公布了2018年度98家证券公司脱贫攻坚等社会责任履行情况专项数据。统计指标包括结对帮扶国家级贫困县落实情况、服务贫困地区企业首次公开发行股票并上市项目个数、推荐贫困地区企业在全国中小企业股份转让系统挂牌项目个数、其他方式服务贫困地区企业融资金额、公益性支出情况、绿色债券(含资产证券化产品)及创新创业公司债已发行总金额、地方政府债券实际中标金额等。其中，协会公布了2018年公益性支出金额在500万元以上的公司，共计有32家，支出金额合计4.4亿元。其中，方正证券、广发证券、中天国富、国泰君安、东方证券排名前五，支出金额分别为4667.6万元、3776.5万元、3066万元、2965.4万元、2826.8万元；从公益性支出占比来看，华西证券、方正证券等券商占比超过8%。结对帮扶国家级贫困县数量方面，方正证券落实12个，中泰证券落实10个；服务贫困地区企业首次公开发行股票并上市项目个数方面，华林证券、西部证券、浙商证券各完成1个项目。","该文本情感是积极的。"
"2019-06-12 15:21:24","方正证券股份有限公司关于2018年年度股东大会增加临时提案暨补充通知的公告","证券代码：601901 证券简称：方正证券公告编号：2019-056方正证券股份有限公司关于2018年年度股东大会增加临时提案暨补充通知的公告本公司董事会及全体董事保证本公告内容不存在任何虚假记载、误导性陈述或者重大遗漏，并对其内容的真实性、准确性和完整性承担个别及连带责任。特别提示：本次股东大会第13项议案与新增第14项议案内容存在互斥情况，请谨慎投票表决，股东或其代理人不得对议案13与议案14同时投同意票；股东或其代理人对议案13与议案14同时投同意票的，对议案13与议案14的投票均不视为有效投票。一、股东大会有关情况1。股东大会类型和届次：2018年年度股东大会2。股东大会召开日期：2019年6月20日3。股权登记日二、增加临时提案的情况说明1。提案人：北京政泉控股有限公司2。提案程序说明公司已于2019年5月30日公告了股东大会召开通知，单独持有21.86%股份的股东北京政泉控股有限公司，在2019年6月10日提出临时提案并书面提交股东大会召集人。股东大会召集人按照《上市公司股东大会规则》有关规定，现予以公告。","该文本情感是中性的。"
"2019-06-06 16:32:20","方正证券：母公司5月份净利润4729万元","方正证券(601901)6月6日晚间公告，2019年5月，方正证券(母公司)净利润为4728.59万元。公司此前披露，方正证券(母公司)4月份净利润为1.47亿元。","以上文本情感是积极的。"
"2019-05-30 14:31:38","第二大股东被控抽逃出资 方正证券拒发4679万分红","(原标题：第二大股东被控抽逃出资方正证券拒发4679万分红)作为方正证券的第二大股东，北京政泉控股有可能拿不到方正证券2018年度的分红款。此事涉及方正证券与北京政泉控股之间的多年纠纷。昨日，方正证券召开董事会全票通过了一个特别的议案——即停止向政泉控股发放2018年度红利，预计涉及4679万元分红款。不过，该议案还需于6月20日经股东大会审议通过方可生效。此外，方正证券还向湖南高院提起诉讼，要求政泉控股返还2015年度及2017年度分红，涉及金额达1.8亿元。拒发4679万元分红按照方正证券的公告，2014年8月北京政泉控股在以其所持民族证券股权作为出资、换股成为方正证券股东，且在政泉控股实际控制民族证券期间，发生了涉及20.5亿元的违法违规行为，造成巨额资金至今未收回。经辽宁省高级人民法院裁定，上述行为构成变相抽逃出资。“为维护公司及股东利益，现提请股东大会审议停止向政泉控股发放2018年度红利的议案。”方正证券表示。年报显示，截至2018年底，政泉控股共持有方正证券近18亿股(均处于冻结状态)，占比为21.86%，为方正证券第二大股东，一季末该持股比例不变。根据2018年度利润分配预案，按照每10股派发现金红利0.26元(含税)来计算，则政泉控股预计2018年度应获派分红约4679万元(含税)。此外，方正证券称，公司已向湖南省高级人民法院提起诉讼，要求政泉控股返还2015年度及2017年度分红，依法判令政泉控股在改正抽逃出资行为前停止行使在公司的全部股东权利，并依法判令被告政泉控股赔偿其所抽逃资金的利息损失。数据显示，此前在2016年7月，方正证券向政泉控股派发2015年度分红共计1.62亿元；2018年8月派发2017年年度分红共计1800万元，两者合计1.8亿元。政泉控股被指控抽逃转移资金方正证券与政泉控股之间的纠纷，起因还得追溯到2014年。2014年8月，方正证券成功发行股份收购民族证券，民族证券前控股股东政泉控股通过换股成为方正证券第二大股东，并在一定时间内仍实际控制民族证券。法院已生效的刑事判决认定，2014年9月，政泉控股的实际控制人因旗下多家公司资金紧张，授意时任民族证券董事长赵大建、副总裁单蔚良和财务总监杨英利用民族证券筹集资金。","情感倾向是消极。"
"2019-05-30 07:48:59","拒发近5000万分红款！方正证券与二股东又“闹上”法庭 追索此前分红1.8亿！","拒发近5000万分红款！方正证券与二股东又“闹上”法庭，追索此前分红1.8亿！政泉控股被控抽逃资金超20亿作为方正证券的第二大股东，北京政泉控股有限公司(简称“政泉控股”)很可能拿不到方正证券2018年度近5000万元的分红款。个中原因，乃涉及到方正证券与政泉控股之间长近5年纠纷。昨日，方正证券召开董事会全票通过了一个特别的议案——即停止向政泉控股发放2018年度红利，预计涉及4679万元分红款。不过，该议案还需于6月20日经股东大会审议通过方可生效。此外，方正证券还向湖南高院提起诉讼，要求政泉控股返还2015年度及2017年度分红，合计达1.8亿元。政泉控股被拒发4679万分红按照方正证券的公告描述，2014年8月政泉控股以其所持民族证券股权作为出资、换股成为方正证券股东，且在政泉控股实际控制民族证券期间，发生了涉及20.5亿元的违法违规行为，造成巨额资金至今未收回。方正证券董事会公告还介绍，经辽宁高院裁定，上述行为构成变相抽逃出资。“为维护公司及股东利益，现提请股东大会审议停止向政泉控股发放2018年度红利的议案。”方正证券表示。年报显示，截至2018年底，政泉控股共持有方正证券约18亿股(均处于冻结状态)，占比为21.86%，为方正证券第二大股东。根据2018年度利润分配预案，按照每10股派发现金红利0.26元(含税)来计算，则政泉控股预计应获派分红款约4679万元(含税)。不仅如此，方正证券还介绍，该公司已向湖南省高级人民法院提起诉讼，要求政泉控股返还2015年度及2017年度分红，依法判令政泉控股在改正抽逃出资行为前停止行使在该公司的全部股东权利，并依法判令被告政泉控股赔偿其所抽逃资金的利息损失。数据显示，此前在2016年7月，方正证券向政泉控股派发2015年度分红共计1.62亿元；2018年8月派发2017年年度分红共计1800万元，两者合计1.8亿元。民族证券移交前被抽逃20.5亿方正证券与政泉控股之间的纠纷，起因还得追溯到2014年。2014年8月，方正证券成功发行股份收购民族证券，民族证券前控股股东政泉控股通过换股成为方正证券第二大股东，并在一定时间内仍实际控制民族证券。法院已生效的刑事判决认定，2014年9月，政泉控股实际控制人因多家公司资金紧张，授意时任民族证券董事长赵大建、副总裁单蔚良和财务总监杨英利用民族证券筹集资金。后未经民族证券股东会、董事会同意，赵大建等人利用职务便利，于2014年9月至12月期间，分7笔将民族证券自有资金共计20.5亿元转移到四川信托，又通过光明石业等与四川信托签订单一信托贷款合同将上述资金转出。这导致民族证券刚成为方正证券全资子公司后的四个月内，资产价值即大幅降低，也导致方正证券所持有的民族证券股权价值大幅降低。截至目前，上述被政泉控股抽逃的20.5亿元款项，依然还有16.39亿元未收回。上述抽逃资金行为也已获得法院机关正式裁判。2018年12月，辽宁省高级人民法院的公开宣判，认定被告单位政泉控股及五名被告人罪名成立，并分别依法判处相应刑罚。具体判决内容主要有：","情感倾向是消极。"
"2019-05-29 18:45:34","方正证券：终止方正中期期货与方正物产共同增资上海际丰的关联交易","5月29日，方正证券发布公告称，因上海际丰业务方向调整，经方正中期期货、方正物产及上海际丰三方友好协商，公司董事会同意终止公司控股子公司方正中期期货与方正物产共同增资上海际丰的关联交易。据悉，公司第三届董事会第十五次会议曾同意方正中期期货与方正物产共同增资上海际丰，其中方正中期期货以人民币1.21亿元认缴上海际丰新增注册资本人民币1.05亿元，溢价出资部分计入上海际丰资本公积金；方正物产以人民币2.45亿元认缴新增注册资本人民币2.45亿元。方正证券表示，截至目前，方正中期期货与方正物产尚未实际增资，上海际丰仍为方正中期期货全资子公司。终止上述增资暨关联交易符合上海际丰调整后的业务发展方向及实际情况，不会对公司的经营发展和财务状况产生不利影响，不会损害公司及全体股东的利益。","该文本情感是中性的。"
"2019-05-28 16:00:03","800余位投资者索赔方正证券3亿元 500余案件开庭在即","近日，备受各界关注的投资者诉方正证券(601901)虚假陈述责任纠纷案又有新进展。“我们刚刚接到长沙市中级人民法院通知，投资者诉方正证券等证券虚假陈述责任纠纷案(本批共595件)定于2019年6月11日上午9时在长沙市中级人民法院开庭审理。”广东奔犇律师事务所主任刘国华律师表示。刘国华律师表示，目前800余投资者向方正证券等索赔3亿余元，而其他受损投资者仍可索赔。根据法院一审判决，2011年8月9日至2015年7月14日买入且在2015年7月15日及之后卖出或持有方正证券股票的受损投资者符合索赔资格。回溯前情，2015年7月14日， 方正证券收到中国证监会《调查通知书》，因公司涉嫌未披露控股股东与其他股东间关联关系等信息披露违法违规，中国证监会根据《中华人民共和国证券法》的有关规定，决定对公司立案调查。2017年5月9日，公司收到中国证监会《行政处罚决定书》([2017]42号)，证监会决定对方正证券责令改正，给予警告并分别处以60万元罚款，对其他有责主体也给予了相应的处罚。根据方正证券的公告，截至2019年5月25日，公司涉及证券虚假陈述责任纠纷案件共计868件，合计涉诉金额为3.15亿元。长沙中院已作出一审判决案件共计258件(注：均已上诉或处于上诉期间内，尚未生效)，公司等被告需承担赔偿责任的金额合计3526.43万元(含赔偿金额、案件受理费)。“长沙法院安排投资者诉方正证券等证券虚假陈述责任纠纷案(本批共595件)于2019年6月11日上午9时在长沙市中级人民法院开庭审理，涉及金额一亿余元。”刘国华介绍说，实际上，投资者诉方正证券等证券虚假陈述责任纠纷案已有胜诉判决。方正证券在2019年1月22日发布的《方正证券关于公司涉及诉讼的进展公告》中称，当日，公司收到湖南省长沙市中级人民法院送达的共计 249 件案件《民事判决书》( 2018 湘 01 民初142 号等 249 案)，长沙中院已对 249 名原告投资者诉公司等被告证券虚假陈述责任纠纷系列案件审理终结并作出一审判决。长沙中院经审理认为，综合考量证券市场系统风险因素、方正证券2015年发布的一系列利空公告以及原告自身投资的风险因素后，酌情确定被告的虚假陈述行为对原告造成的损失承担30%的责任，涉及诉讼金额8054.44万元，判决金额2240.71万元(含赔偿金额、案件受理费)。方正证券、方正集团合计赔偿金额2209.33万元。","该文本情感是中性的。"
"2019-05-23 10:47:37","券商板块走强 方正证券大涨5%","方正证券大涨5%，国元证券、长城证券涨逾2%，中信建投小幅跟涨。","情感倾向是积极。"
"2019-05-20 11:15:50","券商股、互联网金融发力 方正证券涨停 三大指数跌幅收窄","券商股盘中发力，板块呈现普涨格局，方正证券涨停、华创阳安涨逾5%，中信建投、长城证券、中国银河、华鑫股份等纷纷跟涨。互联网金融走强，同花顺，科蓝软件、金证股份等涨逾4%。两市快速反弹收窄跌幅，沪指目前跌0.41%，此前一度跌逾1%；创业板跌0.29%，深成指跌0.75%，此前一度跌逾2%。","该文本情感是积极的。"
"2019-05-16 17:58:54","方正证券股份有限公司涉及诉讼的公告","证券代码：601901 证券简称：方正证券公告编号：2019-049方正证券股份有限公司涉及诉讼的公告本公司董事会及全体董事保证本公告内容不存在任何虚假记载、误导性陈述或者重大遗漏，并对其内容的真实性、准确性和完整性承担个别及连带责任。重要内容提示：所处诉讼阶段：案件执行公司所处当事人地位：申请执行人涉案金额：本金合计44,794万元案件尚在执行过程中，暂无法判断对公司本期利润或期后利润的影响。一、本次诉讼的基本情况2017年，天津信利隆科技有限公司(以下简称“天津信利隆”)作为融入方与方正证券股份有限公司(以下简称“公司”)开展了3笔股票质押式回购交易。天津信利隆以持有的66,635,543股北讯集团股票(*ST北讯，证券代码：002359)质押给公司进行融资。保证人陈岩及其配偶于茜茜、天津中融合科技有限公司(简称“天津中融合”)均与公司签订了保证合同，为天津信利隆的全部债务提供连带责任保证担保。此外，天津中融合还以其所持有五佛山文化旅游开发有限公司90%股权(对应认缴出资额人民币27,000万元)为天津信利隆履行全部债务提供质押担保。上述主协议及担保文件均办理了赋予强制执行效力的合同公证。因债务人天津信利隆未按合同约定偿还债务，上述3笔股票质押式回购交易于2018年8月-9月期间均发生违约。经公司多次协商及催收，融入方及各保证人均未向公司偿还债务。为维护公司自身权益，根据公证处出具的《执行证书》等文件，公司依法向广东省深圳市中级人民法院(以下简称“深圳中院”)申请了强制执行，要求融入方天津信利隆及担保方陈岩、于茜茜、天津中融合等被执行人立即偿还欠付公司的3笔股票质押式回购交易融资本金(本金合计44,794万元)及相应的利息、违约金、实现债权和质权的费用等全部债务。2019年5月14日，公司收到深圳中院出具的《案件受理通知书》，深圳中院已受理公司对该案件的执行申请，决定立案执行。目前该案件正在执行过程中。二、本次诉讼对公司本期利润或期后利润等的影响目前，公司各项经营业务情况正常。鉴于该案件尚在执行过程中，暂无法判断对公司本期利润或期后利润的影响。公司将按照相关规定，对本案的进展情况及时履行信息披露义务，敬请投资者注意投资风险。特此公告。方正证券股份有限公司董事会2019年5月16日","以上文本情感是中性的。"
"2019-05-16 11:36:28","客户股票质押违约后方正证券欲追讨4.48亿元 已向深圳中院申请强制执行","因客户在公司开展的3笔股票质押式回购交易发生违约，作为申请执行人的方正证券股份有限公司(601901.SZ，以下简称“方正证券”)正欲追讨涉及违约款的4.48亿元。5月15日，方正证券发布《涉及诉讼的公告》称，2017年，天津信利隆科技有限公司(以下简称“天津信利隆”)作为融入方与公司开展了3笔股票质押式回购交易。天津信利隆以持有的66,635,543股北讯集团股份有限公司(002359.SZ、以下简称“*ST北讯”)的股票质押给方正证券进行融资。保证人陈岩及其配偶于茜茜、天津中融合科技有限公司(以下简称“天津中融合”)均与方正证券签订了保证合同，为天津信利隆的全部债务提供连带责任保证担保。此外，天津中融合还以其所持有五佛山文化旅游开发有限公司90%股权(对应认缴出资额人民币27,000万元)为天津信利隆履行全部债务提供质押担保。上述主协议及担保文件均办理了赋予强制执行效力的合同公证。因债务人天津信利隆未按合同约定偿还债务，上述3笔股票质押式回购交易于2018年8月-9月期间均发生违约。上述方正证券发布的公告称，经公司多次协商及催收，融入方及各保证人均未向方正证券偿还债务。为维护公司自身权益，根据公证处出具的《执行证书》等文件，方正证券依法向广东省深圳市中级人民法院(以下简称“深圳中院”)申请了强制执行，要求融入方天津信利隆及担保方陈岩、于茜茜、天津中融合等被执行人立即偿还欠付公司的3笔股票质押式回购交易融资本金4.48亿元及相应的利息、违约金、实现债权和质权的费用等全部债务。方正证券在上述公告中表示，2019年5月14日，公司收到深圳中院出具的《案件受理通知书》，深圳中院已受理公司对该案件的执行申请，决定立案执行。目前该案件正在执行过程中。方正证券表示，目前，公司各项经营业务情况正常。鉴于该案件尚在执行过程中，暂无法判断对公司本期利润或期后利润的影响。公司将按照相关规定，对本案的进展情况及时履行信息披露义务，敬请投资者注意投资风险。根据方正证券今年一季度财报，报告期内方正证券实现营收18.45亿元，同比增42.39%；实现归母净利润为5.88亿元，同比增85.66%。截至5月15日收盘，方正证券股价报收6.68元/股，总市值550亿元。","以上文本情感是中性的。"
"2019-05-15 23:09:07","申请强制执行！方正证券追讨4.5亿","受去年股票市场波动加剧等多方面因素影响，因为股权质押纠纷而对簿公堂的案例开始逐渐增多。据基金君不完全统计，去年至少有12家券商股票质押诉讼缠身，而这其中，也包括方正证券。15日晚间，方正证券发布公告称，因债务人天津信利隆科技有限公司(以下简称“天津信利隆”)未按合同约定偿还债务，公司已经向深圳中院申请了强制执行，涉及资金4.48亿元，目前，深圳中院已经决定立案执行。4.48亿元股票质押业务遭违约方正证券申请强制执行事情是这样的。2017 年，天津信利隆作为融入方与方正证券开展了3 笔股票质押式回购交易。天津信利隆以持有的6663.55万股北讯集团股票(*ST 北讯) 质押给方正证券进行融资。保证人陈岩及其配偶于茜茜、天津中融合科技有限公司(简称“天津中融合”)均与方正证券签订了保证合同，为天津信利隆的全部债务提供连带责任保证担保。根据北讯集团2018年年报，天津信利隆为其第二大股东，持股比例为9.13%。此外，天津中融合还以其所持有五佛山文化旅游开发有限公司90% 股权(对应认缴出资额2.7亿元)为天津信利隆履行全部债务提供质押担保。上述主协议及担保文件均办理了赋予强制执行效力的合同公证。不过，上述3 笔股票质押式回购交易于2018年8 月-9月期间均发生违约。经过多次协商及催收，融入方及各保证人均未向方正证券偿还债务。因此，方正证券向深圳中院申请强制执行，要求融入方天津信利隆及担保方陈岩、于茜茜、天津中融合等被执行人立即偿还欠付公司的3笔股票质押式回购交易融资本金，合计 4.48亿元。2019 年5 月14日，公司收到深圳中院出具的《案件受理通知书》，深圳中院已受理公司对该案件的执行申请，决定立案执行。目前该案件正在执行过程中。","以上文本情感极性属于消极。"
"2019-05-15 17:00:02","方正证券：瑞士信贷向瑞信方正增资事项已完成国有资产监督管理部门的相关审批及备案程序","方正证券(601901.SH)披露瑞士信贷对瑞信方正非公开协议单方面增资的进展，2019年5月14日，公司收到经教育部备案的《国有资产评估项目备案表》，中联资产评估集团有限公司出具的《瑞信方正证券有限责任公司拟增资扩股项目资产评估报告》(中联评报字【2019】第129号)已完成在教育部的备案程序，以2018年7月31日为评估基准日，瑞信方正净资产评估价值约17.40亿元，评估增值约8.74亿元，增值率为101.00%。此次增资事项已完成国有资产监督管理部门的相关审批及备案程序。此次增资尚需履行相关监管部门的审批程序，审批时间及结果均存在一定的不确定性；此次增资的交割需满足一定的先决条件，先决条件能否满足存在一定的不确定性；此次增资事项最终能否实施存在不确定性。此前公告披露，瑞士信贷拟以非公开协议方式单方面向瑞信方正增资，增资完成后，瑞士信贷对瑞信方正的持股比例由增资前的33.30%提高至51.00%，并成为瑞信方正的控股股东；公司放弃此次增资权，对瑞信方正的持股比例由增资前的66.70%降低至49.00%。","该文本情感是积极的。"
"2019-04-24 15:52:40","方正证券：即将与民族证券实施经纪业务及客户整体迁移合并","方正证券(601901)4月23日晚间公告，方正证券、民族证券定于2019年5月24日日终清算完成后，实施经纪业务及客户整体迁移合并，将民族证券的经纪业务及该业务相关客户整体迁移合并入方正证券。","以上文本情感是中性的。"
"2019-04-24 09:57:38","方正证券与股票质押违约方达成和解协议 涉6.39亿元","方正证券4月23日晚间发布涉及诉讼公告，涉案金额为6.39亿元的案件目前已有新进展。近日，法院已出具涉及执行和解的《执行裁定书》。据悉，广州瑞丰集团股份有限公司、林永飞、翁武强等客户作为融入方分别与方正证券开展股票质押式回购交易。因上述融入方开展的股票质押式回购交易均发生了违约，方正证券依法向湖南省高级人民法院申请了强制执行，要求各融入方及保证人等被执行人立即偿还欠付公司的融资本金及相应的利息、违约金、实现债权和质权的费用等全部债务。近日，就涉及的债权债务事项，公司与各被执行人达成了分期偿还债务的执行和解协议，被执行人确认了融资本金及相应的利息、违约金、实现债权和质权的费用等全部债务金额，以及相应的偿还期限及方式。方正证券称，目前案件尚在执行过程中，暂无法判断对公司当期利润或期后利润的影响。","该文本情感是中性的。"
"2019-04-20 14:43:14","方正证券一季度净利润增长逾八成","4月19日晚间，方正证券发布2019年第一季度业绩快报。快报显示，一季度，方正证券实现营业收入18.45亿元，同比增长42.39%，实现归属于上市公司股东的净利润5.88亿元，同比增长85.66%。方正证券表示，2019 年 1-3 月，股市行情回暖，公司经纪业务和自营业务收益大幅增长，公司营业收入、营业利润、利润总额、归属于上市公司股东的净利润、归属于上市公司股东的扣除非经常性损益的净利润以及基本每股收益较上年同期分别增长了 42.39%、80.41%、82.07%、85.66%、83.40%以及75.00%。目前，公司各项业务平稳发展，资产结构良好，流动性较强，各项风险控制指标符合《证券公司风险控制指标管理办法》的要求。方正证券提示，公告所载 2019 年第一季度主要财务数据为初步核算数据，可能与公司2019 年第一季度报告中披露的数据存在差异，提请投资者注意投资风险。","该文本情感是积极的。"
"2019-04-19 22:09:39","方正证券：一季度净利5.88亿元 同比增86%","方正证券(601901)4月19日晚间披露业绩快报，公司2019年一季度实现营业收入18.45亿元，同比增长42.39%；净利润5.88亿元，同比增长85.66%。基本每股收益0.07元。","以上文本情感是积极的。"
"2019-04-16 12:46:16","瑞信计划控股瑞信方正","瑞信4月15日宣布，已与方正证券股份有限公司(以下简称“方正证券”)达成协议，增持其在合资券商瑞信方正证券有限责任公司(以下简称“瑞信方正”)的持股比例。瑞信是继方正证券在上海证券交易所的公告后，对此协议作出确认。根据协议，瑞信将通过增资方式，将其在瑞信方正的持股比例，由现在的33.3%增加至51%。方正证券在瑞信方正的持股比例将减至49%。此项交易尚须经相关监管机构批准。瑞信将继续与方正证券和相关监管机构进行密切沟通跟进。瑞信方正成立于2008年，总部设于北京，其业务包括提供A股、外资股、政府债券和公司债券的保荐与承销以及财务顾问在内的一系列资本市场服务。2016年10月，瑞信方正在深圳前海推出了证券经纪业务。瑞信对中国市场有长远的规划和承诺，在中国设立业务至今已有超过30年的历史，并已在大中华区建立了强大的业务实力，在股票、投资银行和资本市场，以及私人银行等领域，都拥有市场领先地位。此外，瑞信在中国设有一家合资资产管理公司-工银瑞信基金管理有限公司(工银瑞信)-是中国规模最大的资产管理机构之一。截至2018年12月底，工银瑞信管理的资产总规模接近1.3万亿人民币(约1940亿瑞士法郎)。","该文本情感是积极的。"
"2019-04-16 01:48:55","瑞士信贷对瑞信方正增资成控股股东 方正证券持股比例降至49%","4月15日晚间，方正证券公告称，瑞士信贷银行股份有限公司(以下简称“瑞士信贷”)以非公开协议方式单方面向瑞信方正增资，增资完成后，瑞士信贷对瑞信方正的持股比例由增资前的33.30%提高至51.00%，并成为瑞信方正的控股股东；方正证券股份有限公司(以下简称“方正证券”)放弃本次增资权，对瑞信方正的持股比例由增资前的66.70%降低至49.00%。瑞信方正不再纳入公司合并报表范围。公告显示，增资价格以中联资产评估集团有限公司(以下简称“中联评估”)对瑞信方正在评估基准日的股东全部权益的评估结果为基础，由方正证券和瑞士信贷协商确定，增资的认购价格总额为62,847.16万元。认购价格中的28,897.96万元计入瑞信方正注册资本，其注册资本将从80,000.00万元增加至108,897.96万元；认购价格中剩余部分33,949.20万元计入瑞信方正的资本公积。依照国有资产监督管理的相关规定，本次增资评估值以国有资产监督管理部门备案后的结果为准。公告表示，本次增资尚需履行国有资产监督管理部门及相关监管部门的审批程序，审批时间及结果均存在一定的不确定性；本次增资的交割需满足一定的先决条件，先决条件能否满足存在一定的不确定性；本次增资事项最终能否实施存在不确定性。相关报道>>>瑞信方正增资一举两得：瑞信觊觎控股权 方正化解同业竞争券商外资控股又有新进展：瑞士信贷增资控股瑞信方正瑞信方正控股权变更再进一步 方正证券5年同业竞争宽限期倒计时方正证券：瑞信方正控股股东变更 不再纳入公司合并报表范围","情感倾向是积极。"
"2019-04-16 00:07:15","瑞信方正增资一举两得：瑞信觊觎控股权 方正化解同业竞争","外资控股券商仍在增加。4月15日晚，方正证券(601091.SH)发布公告称，董事会通过了《关于瑞士信贷对公司控股子公司瑞信方正非公开协议单方面增资方案的议案》。根据增资方案，瑞士信贷银行股份有限公司(下称瑞士信贷)将以非公开方式向方正证券投行子公司瑞信方正证券进行增资，增资完成后，瑞士信贷对瑞信方正的持股比例由增资前的33.30%提高至51.00%，并成为瑞信方正的控股股东。数据显示，瑞士信贷截至去年底净资产达459.94亿瑞士法郎。同时，方正证券放弃本次增资权，对瑞信方正的持股比例由增资前的66.70%降低至49.00%。而瑞信方正也不再被方正证券纳入并表范围。根据方案显示，此次增资的认购价格总额为6.28亿元，其中2.89亿元计入瑞信方正注册资本，其余3.39亿元计入资本公积。数据显示，截至2018年7月底瑞信证券的净资产为8.65亿元，前7月净利润亏损0.24亿元。这意味着，瑞信方正有望成为继此前证监会公告的摩根大通、野村证券等机构之后又一外资控股券商。而此次增资一方面让瑞士信贷获得瑞信方正控股权，另一方面也帮助方正证券解决了和民族证券的同业竞争问题。“本次增资完成后，瑞信方正的控股股东将变更为瑞士信贷，公司持有瑞信方正的股权比例将下降至49.00%，不再控股瑞信方正，有助于解决瑞信方正与民族证券之间的同业竞争问题。”方正证券表示。","该文本情感是积极的。"
"2019-04-15 23:14:49","瑞信方正控股权变更再进一步 方正证券5年同业竞争宽限期倒计时","方正证券晚间公告了4月15日董事会审议结果，对于瑞士信贷增资瑞信方正的议案，9名董事全票通过，同意签署增资的相关协议。这意味着，瑞信方正距离成为一家外资控股券商更近了一步。根据增资方案，瑞士信贷银行股份有限公司(下称“瑞士信贷”)以非公开协议方式，单方面向瑞信方正增资，增资完成后，瑞士信贷对瑞信方正的持股比例由增资前的33.30%提高至51.00%。方正证券股份有限公司(下称“方正证券”)放弃增资，对瑞信方正的持股比例由增资前的66.70%降低至49.00%。瑞信方正不再纳入方正证券合并报表范围。此次增资认购总价格为6.28亿元，换言之，瑞士信贷将以6.28亿元对价获取瑞信方正17.7%的股份。目前该增资行为还需要相关部门审批。目前国内11家合资券商中，除中金公司一枝独秀以外，其他券商业绩均排名靠后，瑞信方正2018年亏损达到3554万。增资若顺利完成，瑞信方正控股方将变更为瑞士信贷，这一过程可谓“一举两得”——对方正证券而言，有助于解决其同业竞争问题；对瑞士信贷而言，避免其“另起炉灶”的麻烦。5年宽限期将尽方正证券对瑞信方正股权结构的处理早有计划。2014年8月1日，方正证券发行股份收购中国民族证券100%股权获证监会核准批复，北京政泉控股等成为方正证券股东。根据证监会要求，方正证券必须在控股民族证券5年内解决方正证券与瑞信方正、民族证券的同业竞争问题。据此推算，该期限将于2019年8月到期。瑞信方正成立于2008年10月，由方正证券和瑞士信贷共同投资设立的外商投资证券公司，注册资本8亿元。2018年4月，证监会公布《外商投资证券公司管理办法》，结合之前正式宣布的进一步扩大证券业对外开放的安排，境外股东持有证券公司的股权比例放宽至 51.00%。随后，瑞士信贷在5月18日向方正证券提出，希望以非公开协议方式单方面向瑞信方正增资，增资方案于2018年6月15日获方正证券董事会通过。2019年4月15日，方正证券第三届董事会第二十四次会议同意与瑞士信贷签署增资的相关协议。不过，本次增资尚需履行国有资产监督管理部门及相关监管部门的审批程序，审批时间及结果均存在一定的不确定性。“本次增资完成后，瑞信方正的控股股东将变更为瑞士信贷，公司持有瑞信方正的股权比例将下降至 49.00%，不再控股瑞信方正，有助于解决瑞信方正与民族证券之间的同业竞争问题。”方正证券公告称，增资之后瑞信方正的董事会、监事会及经营管理层将进行相应调整。","情感倾向是积极的。"
"2019-04-15 21:51:23","瑞信计划控股合资券商瑞信方正 持股增至51%、尚需监管部门批准","瑞信拟增持瑞信方正股份至51%，但此项交易尚须经相关监管机构批准。北京时间4月15日晚间，方正证券公告称，瑞士信贷银行股份有限公司(以下简称“瑞士信贷”)以非公开协议方式单方面向瑞信方正增资。增资完成后，瑞士信贷对瑞信方正的持股比例由增资前的33.30%提高至51.00%，并成为瑞信方正的控股股东。此外，方正证券放弃本次增资权，对瑞信方正的持股比例由增资前的66.70%降低至49.00%。同时瑞信方正不再纳入公司合并报表范围。继方正证券今天在上海证券交易所的公告后，瑞信对增持瑞信方正持股比例的协议作出确认。瑞信方面对21世纪经济报道记者表示，此项交易尚须经相关监管机构批准。瑞信将继续与方正证券和相关监管机构进行密切沟通跟进。瑞信方正成立于2008年，总部设于北京，其业务包括提供A股、外资股、政府债券和公司债券的保荐与承销以及财务顾问在内的一系列资本市场服务。2016年10月， 瑞信方正在深圳前海推出了证券经纪业务。","情感倾向是中性。"
"2019-04-15 21:35:26","方正证券：瑞信方正控股股东变更 不再纳入公司合并报表范围","方正证券公告称，瑞士信贷银行股份有限公司(以下简称“瑞士信贷”)以非公开协议方式单方面向瑞信方正增资，增资完成后，瑞士信贷对瑞信方正的持股比例由增资前的33.30%提高至51.00%，并成为瑞信方正的控股股东。方正证券股份有限公司放弃本次增资权，对瑞信方正的持股比例由增资前的66.70%降低至49.00%。根据公告，瑞信方正不再纳入方正证券合并报表范围。方正证券不再控股瑞信方正后，有助于解决瑞信方正与民族证券之间的同业竞争问题。公告表示，本次增资尚需履行国有资产监督管理部门及相关监管部门的审批程序，审批及结果均存在一定的不确定性；本次增资的交割需满足一定的先决条件，先决条件能否满足存在一定的不确定性；本次增资事项最终能否实施存在不确定性。同日，方正证券公告称，第三届董事会审议通过了公司副总裁、董事会秘书熊郁柳不再担任董事会秘书，并指定何亚刚代行董事会秘书职责的相关议案。因工作分工调整，公司副总裁熊郁柳将分管公司战略客户与市场部，不再担任董事会秘书职务。在聘任新的董事会秘书前，公司董事会指定公司董事、 执行委员会副主任、总裁、首席运营官何亚刚先生代行董事会秘书职责，公司将根据有关规定尽快聘任新的董事会秘书，熊郁柳未持有公司股份。","该文本情感是中性的。"
"2019-04-15 20:20:57","方正证券：瑞士信贷增资控股瑞信方正 公司持股比例降至49%","方正证券(601901)4月15日晚间公告，瑞士信贷以非公开协议方式单方面向瑞信方正增资，增资完成后，瑞士信贷对瑞信方正的持股比例由增资前的33.30%提高至51%，并成为瑞信方正的控股股东；方正证券放弃本次增资权，对瑞信方正的持股比例由增资前的66.70%降低至49%。瑞信方正不再纳入公司合并报表范围。","情感倾向是中性。"
"2019-04-04 22:01:37","方正证券的“水逆时光” 遭249名投资者索赔、高达11起重大诉讼","3月底，曾因新财富艳照门红极一时的方正证券(601901.SH)发布了2018年年度报告。报告显示，去年方正证券的营业收入同比下降4.01%，归属于上市公司股东的净利润腰斩，同比下降54.48%，而这也是方正证券连续第三年净利润减少三分之一以上。在净利润连续下降的同时，方正证券面对去年发生的多起诉讼案件，可以说是去法院“跑断了腿”。基于2017年公司因信息披露违规受到的处罚，投资者依此进行了大规模的起诉维权。截至目前，方正证券涉及证券虚假陈述责任纠纷案件共计506件，合计涉诉金额为2.39亿元。同时，根据方正证券发布的年报来看，去年除投资者集体起诉公司的纠纷外，该公司还涉及了11起诉讼纠纷。249人起诉虚假陈述2017年5月9日，中国证监会向方正证券下发了《行政处罚决定书》，证监会对方正集团、方正证券等相关责任主体处以60万元顶格罚款。方正证券自IPO开始并延续多年未如实披露控股股东与其他股东的关联关系，违法情节严重。此外，方正集团还隐瞒其股东签署的对方正集团股权结构及控制关系产生重大影响的协议，未配合方正证券履行信息披露义务。在处罚结束后，部分买入公司股票的投资者作为原告，以证券虚假陈述责任纠纷为由，在湖南省长沙市中级人民法院(简称“长沙中院”)对公司、方正集团提起诉讼，主张前述信息披露违规事项对其造成了损失，要求承担民事赔偿责任。该案历时一年半后，在2019年年初最终获胜诉。在2019年1月22日，方正证券发布的《方正证券关于公司涉及诉讼的进展公告》中称，当日，公司收到湖南省长沙市中级人民法院(简称“长沙中院”)送达的共计 249 件案件《民事判决书》( 2018 湘 01 民初142 号等 249 案)，长沙中院已对 249 名原告投资者诉公司等被告证券虚假陈述责任纠纷系列案件审理终结并作出一审判决。长沙中院经审理认为，综合考量证券市场系统风险因素、方正证券2015年发布的一系列利空公告以及原告自身投资的风险因素后，酌情确定被告的虚假陈述行为对原告造成的损失承担30%的责任，涉及诉讼金额8054.44万元，判决金额2240.71万元(含赔偿金额、案件受理费)。方正证券、方正集团合计赔偿金额2209.33万元。关于诉讼案件对于公司的影响，方正证券在2019年1月发布的报告指出，公司以前年度对该类诉讼事项已计提预计负债4295万元。因本判决在上诉期内，尚未发生效力；本次公告的诉讼对公司本期利润及期后利润的影响暂无法预计。目前公司各项业务经营情况正常，本次公告的诉讼对公司业务经营、财务状况及偿债能力无重大影响。公司将持续关注相关案件进展情况，依照法律法规的规定，及时履行信息披露义务。就资本市场而言，这么大规模的维权案件的意义何在？《华夏时报》记者就此采访了诉讼案的投资者代理人之一广东环宇京茂律师事务所谢良律师。","该文本情感是消极的。"
"2019-03-30 00:06:40","方正证券2018年净利润6.61亿元 同比下降54.48%","3月29日，方正证券发布2018年年度报告。报告期内，公司实现营业收入57.23亿元，比上年同期减少4.01%；营业利润8.76亿元，比上年同期减少48.56%；归属于上市公司股东净利润6.61亿元，比上年同期减少54.48%。此外，方正证券还披露了控股公司中国民族证券2018年业绩。报告期内，中国民族证券实现营业收入10.14亿元，净利润2.25亿元。","该文本情感是中性的。"
"2019-03-29 23:42:43","方正证券2018年实现营业收入逾57亿元 拟每10股派0.26元","方正证券(601901)3月29日晚间发布2018年年度报告，2018年实现营业收入57.23亿元，实现归属于上市公司股东的净利润6.61亿元。公司拟向全体股东每10股派发现金红利人民币0.26元(含税)。方正证券相关负责人介绍，2018年以来，公司以财富管理、分支机构与投行、投资能力、资产管理、金融科技、夯实保障六大战略举措作为战略实施总纲领，并明确了力争成为各项业务均衡发展，特色鲜明，具有影响力和一定国际竞争力的大型综合类券商的战略目标。具体来看，在经纪业务方面，2018年，方正证券及其子公司实现代理买卖证券业务净收入16.03亿元，市场份额3.04%。截至2018年12月31日，方正证券客户总数1014万户，全年新增客户113.6万户，新增投资者行业占比6.2%。在金融科技方面，方正证券相关负责人介绍，截至2018年11月，在方正证券进行交易的客户中，81%通过方正证券移动终端“小方”进行交易；在方正证券购买理财产品的客户中，95%通过“小方”进行购买；在投顾签约客户中，98%通过“小方”进行签约。“小方”也获得了券商中国“2018证券公司APP十大品牌”奖等诸多奖项。在投行业务方面，2018年方正证券投行业务实现营业收入3.95亿元，其中子公司中国民族证券投行完成财务顾问、公司债、企业债、可转债以及新三板等项目69个，实现营业收入1.67亿元。其中，在债券业务方面，中国民族证券债券承销规模排名第18名，比2017年同期提升17名。资产管理业务方面，截至2018年12月31日，方正证券受托资产总规模2796.08亿元，其中主动型管理业务规模805.26亿元，较2018年年初增长40.74%。2018年全年，方正证券资管业务实现营业收入5.08亿元，同比增长35.22%。方正证券表示，在合规经营和强化风险管控的前提下，2019年公司会继续强化在渠道和金融科技方面的禀赋，努力提高在资本金运用、全牌照协同和市场化机制方面的竞争力，结合个人、企业及机构客户的实际需求特征，构建完善的综合服务体系，快速提升公司在投行、投资、资管、财富管理领域的核心能力。","该文本情感是积极的。"
"2019-03-29 22:58:46","方正证券2018年实现净利6.61亿元","29日晚间，方正证券发布2018年年报。报告期内，公司实现营业收入57.23 亿元，同比减少4.01%；归属于上市公司股东的净利润6.61亿元，同比减少54.48%。方正证券表示，净利润下滑主要受2018年行情低迷，信用业务计提大额资产减值损失等所致。在公司主要资产发生重大变化情况的说明中，其指出以公允价值计量且其变动计入当期损益的金融资产为346.44 亿元，较上年末增加0.60%；买入返售金融资产为77.27亿元，较上年末减少41.65%，主要系本期股票质押式回购与交易所回购业务规模减少所致。经纪业务方面，公司实现代理买卖证券业务净收入12.44亿元，市场份额为2.36%；期末客户数达852万，新增客户101万，新增投资者行业占比5.5%，较上年同期增长32.9%。公司持续推进经纪业务转型，努力打造行业领先的财富管理体系。2018年，公司代销金融产品业务在经纪业务中的比重明显上升，不断平滑经纪业务收入，为经纪业务向财富管理转型探明方向。报告期内，公司代销金融产品规模3,114.65亿元，实现代销收入4,995.52万元。代销金融产品业务继续保持较快发展，产品保有规模稳步增长。公司搭建了由货币、固收、权益、衍生品等各类别组成的较完善的产品体系。在资管业务领域，公司受托资产总规模2,796.08亿元，其中集合资产管理计划受托规模为324.97亿元；定向资产管理计划受托规模为2,074.96亿元；专项资产管理计划受托规模为396.14亿元。主动型管理业务规模805.26亿元，较期初增长40.74%。报告期内，自营总资产规模514亿，日均占资219亿元，实现营业收入11.15亿，年化收益率5.09%。公司自营业务配置结构更趋均衡。其中固定收益以获取绝对收益为主要目标，坚持“配置 交易”的投资理念，在2018年逐步提高杠杆比例。在下半年宽松货币政策下获取了较好的套息收入，持续关注波段交易机会，增厚整体收益；同时，开展FICC相关业务的研究工作，进行黄金期权业务，为今后转型大固收类投资业务打下基础。公司在年报中披露，拟以2018 年末总股本8,232,101,395 股为基数，向2018 年利润分配股权登记日登记在册的全体股东，每10 股派发现金红利人民币0.26 元(含税)。(朱琳娜)","该文本情感是消极的。"
"2019-03-19 23:03:01","方正证券业绩快报：2018年净利润6.61亿元 同比降54.48%","方正证券3月19日晚间发布2018年业绩快报，全年实现营收57.23亿元，微降4.01%，实现净利润6.61亿元，降54.48%。业绩快报称，2018年公司经纪业务、信用业务等收入下降，同时融资融券、股票质押式回购等业务计提大额减值准备，导致业绩下滑。受上述因素影响，公司营业利润、利润总额、净利润、扣除非经常性损益后的净利润及基本每股收益较上年分别下降了48.56%、60.05%、54.48%、45.05%和55.56%。目前，方正证券各项业务平稳增长，资产结构良好，流动性较强，各项风险控制指标符合《证券公司风险控制指标管理办法》的要求。","该文本情感是中性的。"
"2019-03-19 17:34:27","方正证券去年赚6.6亿元 净利同比下降54.48%","3月19日，方正证券发布2018年业绩快报。2018年，方正证券营业总收入为572259.34万元，同比下滑4.01%；归属于上市公司股东的净利为66138.13 万元，同比下降54.48%。方正证券表示，2018年，受到国内经济增长趋缓以及证券市场持续低迷影响，公司经纪业务、信用业务等业务收入同比下降，同时融资融券、股票质押式回购等业务计提大额减值准备，导致公司业绩下滑。","情感倾向是消极。"
"2019-03-19 17:04:42","方正证券业绩快报：2018年度净利润6.61亿元 同比下滑逾五成","方正证券(601901)3月19日晚披露业绩快报，公司2018年度营业总收入57.23亿，同比下滑4.01%；净利润6.61亿元，同比下滑54.48%；基本每股收益0.08元。报告期内，公司经纪业务、信用业务等业务收入同比下降，同时融资融券、股票质押式回购等业务计提大额减值准备。","该文本情感是消极的。"
"2019-03-12 21:33:13","杨仁文接任方正证券研究所所长","上证报自方正证券获悉，方正证券研究所所长韩振国已卸任，此后将继续在方正证券战略规划部工作，系正常岗位调换。接替韩振国的是该所传媒与互联网首席分析师兼海外首席分析师杨仁文，此前为方正证券研究所常务副所长。在“杨仁文研究笔记”中，3月7日刊发的文章显示其职务为研究所常务副所长，3月10日则已更新为研究所所长。","情感倾向是积极的。"
"2019-03-12 19:59:22","方正证券研究所所长韩振国调岗 传媒首席分析师杨仁文接任","又见券商研究所所长调整，有消息称方正证券研究所出现高层变动。3月12日下午，方正证券的知情人士向澎湃新闻记者确认，方正证券研究所所长韩振国卸任，此前任常务副所长、执行董事、传媒与互联网行业首席分析师的杨仁文将接替研究所所长一职。该知情人士称，韩振国以后将在方正证券战略规划部工作，此次是正常的调动。在杨仁文的公众号“杨仁文研究笔记”中，对杨仁文的介绍已经变成方正证券研究所所长，传媒与互联网首席、海外首席分析师。市场开始熟悉韩振国是在2016年时，方正证券在研究所开创了联席所长制，韩振国、任泽平接任研究所联席所长，俩人一个是行政负责人，一个负责研究。中国证券业协会官网资料显示，韩振国是博士研究生学历，自2014年在方正证券入职，此前曾在海通证券、华创证券任职，主要从事煤炭、钢铁的行业研究，在加入方正证券之前曾连续七年上榜新财富煤炭开采行业最佳分析师。接任韩振国的杨仁文主要从事传播与文化行业的研究，在加入方正证券之前，杨仁文在华创证券和招商证券任职过。在2015年、2016年、2017年，杨仁文获得新财富最佳分析师第一、第二、第二名。值得关注的是，方正证券的研究所一直受到市场的关注。早在2016年，任泽平入职方正证券，这被市场认为是方正证券发力研究领域的开始。2017年11月，任泽平再次高调离职。在近期方正证券再次受到市场热议的是方正证券一分析师参与不雅饭局不断发酵，最终导致新财富评选活动暂停。","情感倾向是中性。"
"2019-03-12 18:07:28","方正证券研究所所长韩振国调岗 传媒首席分析师接任","又见券商研究所所长调整，有消息称方正证券研究所出现高层变动。3月12日下午，方正证券的知情人士向澎湃新闻记者确认，方正证券研究所所长韩振国卸任，此前任常务副所长、执行董事、传媒与互联网行业首席分析师的杨仁文将接替研究所所长一职。该知情人士称，韩振国以后将在方正证券战略规划部工作，此次是正常的调动。在杨仁文的公众号“杨仁文研究笔记”中，对杨仁文的介绍已经变成方正证券研究所所长，传媒与互联网首席、海外首席分析师。市场开始熟悉韩振国是在2016年时，方正证券在研究所开创了联席所长制，韩振国、任泽平接任研究所联席所长，俩人一个是行政负责人，一个负责研究。中国证券业协会官网资料显示，韩振国是博士研究生学历，自2014年在方正证券入职，此前曾在海通证券、华创证券任职，主要从事煤炭、钢铁的行业研究，在加入方正证券之前曾连续七年上榜新财富煤炭开采行业最佳分析师。接任韩振国的杨仁文主要从事传播与文化行业的研究，在加入方正证券之前，杨仁文在华创证券和招商证券任职过。","情感倾向是积极。"
"2019-03-10 18:12:43","多位客户股票质押式回购交易违约 方正证券卷入6.39亿元诉讼","因多位客户在公司开展的股票质押式回购交易发生违约，作为申请执行人的方正证券股份有限公司(601901.SZ，下称“方正证券”)正卷入总金额为6.3934亿元诉讼。3月9日，方正证券发布涉及诉讼的公告称，广州瑞丰集团股份有限公司(下称“广州瑞丰”)、林永飞、翁武强等客户作为融入方分别与方正证券开展股票质押式回购交易，将其持有的上市公司摩登大道(002656.SZ)股票质押给公司进行融资，对应的质押股份数分别为7040万股、3200万股和1760万股。此间，上述融入方均分别与方正证券签订了股票质押式回购交易的相关协议，并由相关保证人提供了连带责任保证担保，上述主协议及保证合同均办理了赋予强制执行效力的合同公证。2018年8月-9月，广州瑞丰、林永飞、翁武强等客户在公司开展股票质押式回购交易中违约，经公司多次协商及催收，各融入方及保证人均未向公司偿还债务，此后方正证券依法向湖南省高级人民法院(以下简称“湖南高院”)申请了强制执行，要求各融入方及保证人等被执行人立即偿还欠付公司的融资本金及相应的利息、违约金、实现债权和质权的费用等全部债务。其中，方正证券与广州瑞丰等股票质押执行案，涉及金额3.871亿元；与林永飞等股票质押执行案，涉及金额1.6424亿元；与翁武强等股票质押执行案，涉及金额8800万元，共计6.3934亿元。方正证券上述3月8日公告称，2019年3月7日，公司收到湖南高院出具的《受理案件通知书》，湖南高院已受理公司对上述3起案件的执行申请，决定立案执行。目前上述案件均正在执行过程中。公告中，方正证券表示，目前，公司各项经营业务情况正常。鉴于上述3起案件尚在执行过程中，暂无法判断对公司本期利润或期后利润的影响。根据3月7日方正证券发布2019年2月财务数据简报，2019年2月，方正证券(母公司)实现营业收入3.57亿元；实现净利润6164.64万元。此外，2019年2月方正证券全资子公司中国民族证券实现营业收入1380.27万元；实现净亏损918.10万元。而方正证券控股子公司瑞信方正2019年2月则实现营业收入607.95万元；实现净亏损485.30万元。截至3月8日收盘，方正证券股价报收7.52元/股，总市值619亿元。","该文本情感是中性的。"
"2019-03-08 19:24:21","方正证券：3起股票质押式回购交易违约案正在执行中","方正证券(601901)3月8日晚公告，3月7日公司收到湖南高院出具的《受理案件通知书》，湖南高院已受理公司关于融入方广州瑞丰集团、林永飞、翁武强等客户股票质押式回购交易违约案件的执行申请，决定立案执行。上述3起案件涉案金额本金合计63934万元，目前均正在执行过程中。","该文本情感是中性的。"
"2019-03-08 19:15:27","股票质押融入方违约涉案6.39亿元 方正证券申请立案执行","方正证券3月8日晚间发布涉及诉讼公告，涉案金额为6.39亿元，目前案件尚在执行过程中，暂无法判断对公司本期利润或期后利润的影响。案件源于广州瑞丰集团股份有限公司、林永飞、翁武强等客户作为融入方将其持有的上市公司摩登大道股票质押给方正证券进行融资，对应的质押股份数分别为7040 万股、3200 万股和1760 万股。 融入方均分别与公司签订了股票质押式回购交易的相关协议，并由相关保证人提供了连带责任保证担保。据公告，2018 年8 月-9 月，上述融入方开展的股票质押式回购交易均发生了违约。 经方正证券多次协商及催收，融入方及保证人均未偿还债务。最终，方正证券依法向湖南省高级人民法院申请了强制执行。3 月7 日，湖南高院出具《受理案件通知书》，已受理对上述3起案件的执行申请，决定立案执行。目前上述案件均正在执行过程中。","该文本情感是中性的。"
"2019-03-01 18:29:09","方正证券：截至2月底已累计回购1115.03万股股份","3月1日，方正证券发布公告称，2019年2月，公司未开展股份回购。截至2019年2月28日，公司已累计回购股份1115.03万股，占公司总股本的比例为0.14%；回购的最高价为5.96元/股，最低价为4.89元/股，已支付的总金额为5780.59万元(不含印花税、佣金等交易费用)。","情感倾向是中性。"
"2019-02-26 19:11:59","方正证券北京证券自营分公司已完成注销登记","2月26日，方正证券发布公告称，公司现已完成北京证券自营分公司的客户转移、业务了结等事宜，关闭了北京证券自营分公司营业场所，并向北京证监局提交了撤销方案实施报告。公告显示，2019年2月25日，公司收到北京市工商行政管理局西城分局下发的《注销核准通知书》，公司北京证券自营分公司已完成注销登记。据悉，方正证券北京证券自营分公司于2012年8月被湖南证监局核准设立，2017年9月被北京证监局核准撤销。","该文本情感是中性的。"
"2019-02-13 18:30:16","方正证券：1月份净利润1.84亿元","2月13日晚间，方正证券公告称，1月份母公司净利润1.84亿元，营业收入4.24亿元。2019年1月29日，中国民族证券51家证券营业部已全部完成工商登记，变更为方正证券(母公司)的证券营业部，上述51家证券营业部相关损益自2019年1月起，全部并入方正证券(母公司)。","该文本情感是积极的。"
"2019-01-25 09:18:02","上交所：同意方正证券为央调ETF提供主流动性服务","上交所公告，为促进博时中证央企结构调整交易型开放式指数证券投资基金(以下简称央调ETF，基金代码：512960)的市场流动性和平稳运行，根据《上海证券交易所上市基金流动性服务业务指引(2018年修订)》等相关规定，本所同意方正证券股份有限公司为央调ETF提供主流动性服务。","情感倾向是中性。"
"2019-01-23 22:20:05","方正证券2018净利大降五成 斥资5660万回购股份","1月23日方正证券(601901.SH)发布的公告显示，预计2018年实现归母净利润为6亿元到7.2亿元，与上年同期相比将减少7.3亿元到8.5亿元，同比减少50%到60%。方正证券解释称，2018年受到国内经济增长趋缓以及证券市场持续低迷影响，公司经纪业务、信用业务等业务收入同比下降，同时融资融券、股票质押式回购等业务计提大额减值准备，导致公司业绩下滑。2018年方正证券计提各项资产减值准备共计4.7亿元，减少2018年年度净利润3.52亿元，已达到公司最近一个会计年度经审计净利润的10%。融资业务和股票质押业务的大幅减值，成为方正证券业绩下滑的一大主因。具体而言，就融资业务而言，截至2018年12月31日，公司融资业务中持有南京新百(600682.SH)、上海莱士(002252.SZ)等股票的融资客户资产出现了减值迹象，方正证券对2家上市公司的融资业务共计提减值准备3.2亿元。就股票质押业务而言，方正证券计提减值准备达1.1亿元，涉及的质押股票为鹏起科技(600614.SH)。鹏起科技2018年下半年股价持续下跌。方正证券此笔业务股票质押式回购合约本金为4.2亿元。截至2018年12月31日，根据当日收盘价计算，该笔合约本息共出现1.1亿元缺口，对此其予以减值。在业绩大幅下滑的同时，方正证券的股价在2018年也出现大幅回落。2018年10月18日，方正证券发布了回购股份预案，表示为维护公司价值及股东权益，本次计划回购股份的数量1200万至3000万股，回购股份规模不超过公司已发行总股本的0.3644%。回购资金来源为公司自有资金不超过1亿元，这笔开支将从公司的税后利润中支出。公告显示，截至2019年1月23日，方正证券通过集中竞价方式累计回购股份数量为1000万股，占公司目前总股本的比例为0.13%，成交的最高价为5.35元/股，成交的最低价为4.89元/股，支付的总金额为5660万元。","以上文本情感是消极的。"
"2019-01-23 22:05:23","方正证券：2018年净利润预计同比减少50%-60%","方正证券(601901)1月23日晚间公告，公司预计2018年实现归属于上市公司股东的净利润6.00亿元-7.20亿元，同比减少50%-60%。方正证券表示，公司业绩下滑的原因是，公司经纪业务、信用业务等业务收入同比下降，同时融资融券、股票质押式回购等业务计提大额减值准备。方正证券相关公告显示，公司2018年计提各项资产减值准备共计4.70亿元。其中，公司2018年计提融出资金减值准备3.37亿元，主要为公司(含子公司)对部分融出资金进行单项计提减值准备，涉及单项计提减值的融资股票为南京新百(600682)、上海莱士 (002252)和乐视网(300104)等。公司2018年对买入返售金融资产计提减值准备1.11亿元，主要为公司对股票质押业务计提的减值准备，涉及的质押股票为鹏起科技(600614)。此外，公司2018年对应收以及其他应收款项计提减值准备77.44万元，2018年计提可供出售金融资产减值准备2056.64万元。方正证券表示，因公司2018年计提各项资产减值准备，导致公司2018年年度净利润减少3.53亿元，已达到公司最近一个会计年度经审计净利润的10%。","情感倾向是消极。"
"2019-01-23 20:36:28","方正证券为民族证券提供10亿元净资本担保承诺","1月23日，方正证券发布公告称，今日公司董事会审议通过了《关于为中国民族证券提供净资本担保承诺的议案》，同意为中国民族证券提供10亿元人民币的净资本担保承诺，承诺期限为一年。自民族证券完成减少注册资本的工商变更登记之日起生效。","该文本情感是积极的。"
"2019-01-23 20:35:31","方正证券：2018年净利润预计同比减少50%到60%","1月23日，方正证券披露2018年年度业绩预告，预计2018年年度实现归属于上市公司股东的净利润为6亿元到7.2亿元，同比减少50%到60%。方正证券表示，业绩预减的主要原因是受到国内经济增长趋缓以及证券市场持续低迷影响，公司经纪业务、信用业务等业务收入同比下降，同时融资融券、股票质押式回购等业务计提大额减值准备，导致公司业绩下滑。","该文本情感是消极的。"
"2019-01-23 19:22:30","方正证券：2018年净利预降50%到60%","方正证券(601901)1月23日晚间披露2018年度业绩预告，预盈6亿元至7.2亿元，同比减少50%到60%。另外，公司2018年计提各项资产减值准备共计4.7亿元。而2018年计提融出资金减值准备3.37亿元，主要为公司(含子公司)对部分融出资金进行单项计提减值准备，涉及单项计提减值的融资股票为南京新百、上海莱士和乐视网等。","该文本情感是消极的。"
"2019-01-23 08:34:43","虚假陈述案投资者首获胜诉 方正证券、方正集团判赔2209万元","近日，249位投资者向方正证券(601901.SH)发起的证券虚假陈述责任纠纷案获长沙市中级人民法院(以下简称“长沙中院”)一审判决胜诉。1月22日晚，方正证券对该判决发布了详细的公告，涉及诉讼金额8054.44万元，判决金额2240.71万元(含赔偿金额、案件受理费)。方正证券、方正集团合计赔偿金额2209.33万元。从投资者首次提起诉讼开始，这一案件历经波折，其间曾被法院驳回起诉，在历时一年半后最终获胜诉。长沙中院经审理认为，综合考量证券市场系统风险因素、方正证券2015年发布的一系列利空公告以及原告自身投资的风险因素后，酌情确定被告的虚假陈述行为对原告造成的损失承担30%的责任。此次代理诉讼的律师之一上海明伦律师事务所律师王智斌对《中国经营报》记者表示，此前长沙中院收案后，迟迟没有开庭安排，情况不明，后续未再大规模(征集投资者)提起诉讼。而且，本次长沙中院作出一审判决后，(同类)案件审判将进入快车道。诉讼一波三折因未依法披露控股股东与其他股东的关联关系，2017年5月9日，中国证监会决定向方正证券下发《行政处罚决定书》，对方正证券责令改正、给予警告，并处以60万元顶格处罚。同时，该决定书对方正集团、利德科技发展有限公司、西藏昭融投资有限公司等其他股东亦作出了处罚。证监会认定，方正证券自IPO开始并延续多年未如实披露控股股东与其他股东的关联关系，违法情节严重。此外，方正集团还隐瞒其股东签署的对方正集团股权结构及控制关系产生重大影响的协议，未配合方正证券履行信息披露义务。在上述行政处罚作出后，部分投资者以证券虚假陈述责任纠纷为由，在长沙中院对方正证券、方正集团提起诉讼，主张前述信息披露违规事项对其造成了损失，要求承担民事赔偿责任。另有部分投资者亦以证券虚假陈述责任纠纷为由，在北京市第一中级人民法院、北京市第四中级人民法院起诉方正集团，要求方正集团承担证券虚假陈述民事赔偿责任；后方正集团提交管辖权异议并申请追加方正证券为共同被告，随后上述两家法院作出民事裁定书，将其受理的投资者起诉案件全部移送至方正证券住所地有管辖权的中级人民法院即长沙中院审理。2018年1月，长沙中院作出的《民事裁定书》，以部分案件投资者起诉条件尚未完全具备为由，裁定驳回了该部分案件投资者起诉，其中233件案件的投资者向湖南省高级人民法院(以下简称“湖南高院”)提起上诉，要求指令长沙中院对该案继续审理。2018年8月29日，针对投资者上诉案件，方正证券收到42件《民事裁定书》，湖南高院认为，根据司法解释规定，即使受处罚当事人提起行政复议或行政诉讼的，也不应当驳回起诉，而应当中止审理。据此，湖南高院作出裁定，撤销长沙中院驳回起诉的民事裁定，指令长沙中院对案件进行审理。","情感倾向是消极的。"
"2019-01-22 20:19:13","方正证券涉及证券虚假陈述责任纠纷案 被判赔偿2240.71万元","方正证券(601901)1月22日晚间公告，公司收到湖南省长沙市中级人民法院送达的共计249件案件《民事判决书》，长沙中院已对249名原告投资者诉公司等被告证券虚假陈述责任纠纷系列案件审理终结并作出一审判决。涉及诉讼金额8054.44万元，判决金额2240.71万元(含赔偿金额、案件受理费)。公告显示，2017年5月，方正证券因未依法披露控股股东与其他股东的关联关系受到中国证监会的行政处罚。部分买入公司股票的投资者主张前述事项对其造成了损失，以证券虚假陈述责任纠纷为由，在长沙中院、北京市第一中级人民法院(简称“北京一中院”)等法院对公司、北大方正集团有限公司(以下简称“方正集团”)等被告提起诉讼。其中， 北京一中院等法院已将起诉案件全部移送至长沙中院审理。2018年12月4日及12月5日，长沙中院对部分投资者起诉的案件进行了开庭审理，合计诉讼请求金额为8054.44万元。长沙中院经审理认为，综合考量证券市场系统风险因素、方正证券2015年发布的一系列利空公告以及原告自身投资的风险因素后，酌情确定方正证券的虚假陈述行为对原告造成的损失承担30%的责任。判决方正证券赔偿金额合计2209.33万元，承担案件受理费用合计31.39万元。方正证券表示，公司以前年度对该类诉讼事项已计提预计负债4295万元。因本判决在上诉期内，尚未发生效力，此次公告的诉讼对公司本期利润及期后利润的影响暂无法预计。截至目前，长沙中院受理的投资者起诉公司及方正集团等被告的案件共计506件，合计涉诉金额为2.39亿元，同时要求公司及方正集团承担诉讼费用。","该文本情感是消极的。"
"2019-01-22 05:25:15","方正证券虚假陈述案一审判：酌情赔偿投资者损失30%","2018年12月4日、5日，长沙市中级人民法院公开审理了259件方正证券股票投资者提起的索赔诉讼系列案件。经过一个多月时间，近日法院作出了一审判决，部分支持投资者的索赔诉求。据北京市盈科律师事务所臧小丽律师介绍，已有多位投资者收到了一审《民事判决书》，法院判决被告北大方正集团有限公司(方正集团)、方正证券股份有限公司(方正证券)向各原告赔偿损失，酌情赔偿投资者损失的30%。方正证券去年8月底公告称，该类诉讼累计涉案金额为23063.07万元，公司已计提减值准备1793.55万元。如果按此计算，方正证券赔付金额近7000万元。不过，上海创远律师事务所高级合伙人许峰律师告诉《每日经济新闻》记者：“这个诉讼公告是基于2018年半年报披露的，但实际上在2018年半年报后诉讼还是在增加，我们本身就有很多案子在继续提交，所以赔付金额是有可能超过7000万元的。”●赔付金额或超7000万元2018年12月4日、5日，长沙市中级人民法院公开审理了259件方正证券股票投资者提起的索赔诉讼系列案件。其中，12月4日开庭的有38件案件，12月5日开庭的有221件案件。近日，长沙市中级人民法院对方正证券投资者索赔案作出一审判决，法院部分支持了投资者的索赔诉求。据北京市盈科律师事务所臧小丽律师介绍，已有多位投资者收到了一审《民事判决书》，法院判决被告北大方正集团有限公司(方正集团)、方正证券股份有限公司(方正证券)向各原告赔偿损失。“一审法院判决方正证券、方正集团酌情赔偿投资者损失的30%，因此赔付给投资者的金额因人而异，从几百万到一两万，乃至几千元均有，具体依各个投资者的交易情况而定。”臧小丽进一步解释称，“酌情赔付30%，是在法院认定的损失金额的基础上，乘以30%，即为两名被告应该承担的赔偿责任。投资者其余70%损失，法院认为属于证券市场系统风险因素、方正证券公司2015年7月至9月连续发布的一系列利空公告以及原告自身投资的风险因素等造成的，未能支持赔偿。”2018年8月31日，方正证券发布的《关于公司涉及诉讼的公告》显示，多名投资者起诉方正证券、方正集团，案件纠纷为证券虚假陈述。当时，方正证券称，该类诉讼累计涉案金额为23063.07万元，公司已计提减值准备1793.55万元。如果按此计算，方正证券赔付金额近7000万元。“这个诉讼公告是基于2018年半年报披露的，但实际上在2018年半年报后诉讼还是在增加，我们本身就有很多案子在继续提交，所以赔付金额是有可能超过7000万元的。但是原被告的算法与法院判决算法不同，所以最终方正证券要赔付多少还是要等待方正证券发布公告。”上海创远律师事务所高级合伙人许峰律师告诉《每日经济新闻》记者。据记者大致统计，方正证券2018年(三季报业绩+后三个月业绩月报)的营业收入为53.41亿元，净利润6.52亿元，分别同比下滑10.29%、55.10%。“方正证券体量比较大，不到一个亿的赔付在业绩上影响不会很大，更多的则是对其信批违法违规的一个警示。”许峰表示。●目前尚无主动赔付方案2017年5月9日，方正证券发布公告称，公司收到证监会《行政处罚决定书》，方正集团、利德科技、西藏昭融、西藏容大、方正证券存在以下违法事实：一、方正集团及利德科技、西藏昭融、西藏容大隐瞒关联关系，未配合方正证券履行信息披露义务；二、方正集团未将签署补充协议的相关情况告知方正证券，未配合方正证券履行信息披露义务。证监会认为，上述补充协议属于可能对方正证券实际控制人及控制权产生重大影响的协议或安排，方正证券应当予以披露。因此，对方正集团、方正证券等相关责任主体处以60万元顶格罚款。在证监会处罚落地后，部分买入方正证券股票的投资者以证监会的行政处罚作为核心证据，向法院提起索赔。","情感倾向是消极。"
"2019-01-09 19:40:16","方正证券：母公司2018年12月亏损2492万元","方正证券(601901)1月9日晚间公告，2018年12月，方正证券(母公司)实现营业收入6.86亿元，净利亏损2491.69万元；母公司融资融券、股票质押式回购等信用业务计提减值准备约2.48亿元，影响公司2018年净利约1.86亿元。另外，公司全资子公司民族证券实现营业收入1.22亿元，净利3127.19万元；控股子公司瑞信方正实现营业收入2698.6万元，净利亏损923.59万元。","情感倾向是消极的。"
"2019-01-07 18:55:15","方正证券连涨3日 未出现重大事项不披露状况","1月7日，方正证券(以下简称“公司”)发布公告称，公司股票于2019年1月3日、1月4日、1月7日连续3个交易日内收盘价格涨幅偏离值累计超过20%，属于股票交易异常波动情况。经公司自查，截至本公告披露日，公司目前经营状况正常，不存在影响公司股票交易价格异常波动的重大事项。公司及公司控股股东不存在其他应披露而未披露的重大信息，包括但不限于并购重组、股份发行、债务重组、业务重组、资产剥离和资产注入等重大事项，并承诺未来3个月内不会筹划上述重大事项。（文章来源：中证网）","情感倾向是中性。"
"2019-01-07 10:42:39","券商板块持续飙升 方正证券收获3连板","7日，上周五表现强势的券商板块早盘继续冲高。截至9:33，方正证券涨停，近期收获3连板，天风证券、国海证券涨逾5%。（文章来源：中国证券网）","该文本情感是积极的。"
"2019-01-04 10:13:58","券商板块集体冲高 方正证券涨逾6%","4日，券商板块早盘表现强势。截至9:55，方正证券上涨6.52%，中信建投、国元证券等涨逾2%。（文章来源：中国证券网）","该文本情感是积极的。"
"2019-01-03 21:36:41","国海证券连涨三日 方正证券今日涨停","截至1月3日，国海证券股票连续三个交易日收盘价格涨幅偏离值累计超过20%。对此，国海证券发布了股票交易异常波动公告。公告称，公司前期披露的信息不存在需要更正、补充之处；公司未发现近期公共传媒报道了可能或已经对本公司股票交易价格产生较大影响的未公开重大信息；近期公司经营情况未发生重大变化。公司及公司第一大股东广西投资集团有限公司(以下简称广西投资集团)不存在关于本公司的应披露而未披露的重大事项，或处于筹划阶段的重大事项。在股票异常波动期间，公司第一大股东广西投资集团未买卖公司股票。1月3日，相比2019年第一个交易日，券商板块整体回暖，方正证券涨停。而就在1月2日下午，藏格创投集团与方正证券签署战略合作协议，双方在产业基金、资管计划、战略咨询、产业研究支持等多层次资本市场服务方面达成合作意向。（文章来源：中证网）","该文本情感是积极的。"
"2019-01-03 10:31:10","券商股集体发力 方正证券涨停","周四早盘，券商板块再度发力，截至发稿，方正证券强势涨停，国海证券涨逾8%，中信建投、长江证券涨逾6%，国投资本涨逾5%。2018年最后一个交易日，券商板块大涨2.04%，在56个行业板块中排名第二。对此，有业内人士指出，展望2019年，近期密集出台的各项政策有望带动券商投行、自营和其他各类创新业务的发展，带来2019年券商基本面的改善。渤海证券认为，资本市场改革力度加大，对外开放、衍生品、科创板，种种改革措施有望逐步落地，看好在资本市场改革大环境下，专业能力强的大券商的基本面表现。继续看好大券商在2019年的表现。如果一季度市场偏好上升，看好中小券商、次新股的反弹。国信证券近期的研报指出，科创板试点注册制、并购重组审批优化、再融资业务松绑等，将为券商投行业务带来机遇，预计项目储备丰富、投行业务能力强的券商将直接受益。股指期货交易安排放松，利好券商期货经纪、自营、场外期权业务。金融业对外开放进程继续推进，沪伦通开通在即，利好券商衍生品、GDR等创新业务。纾困资金步入落地阶段，化解股票质押风险，这一压制券商估值的因素有望得到缓解。（文章来源：第一财经）","该文本情感是积极的。"
"2019-01-03 10:18:50","券商股大幅走高 方正证券率先涨停","今日早盘，军工、券商等题材表现活跃，早盘军工股全线拉升走强，随后券商股也大幅走高，方正证券率先涨停，长江证券、国海证券、中信建投等多股跟涨。渤海证券认为，资本市场改革力度加大，对外开放、衍生品、科创板，种种改革措施有望逐步落地，看好在资本市场改革大环境下，专业能力强的大券商的基本面表现。投资逻辑有两点：1)继续看好大券商在2019年的表现，建议关注：中信证券(600030.SH，规模大、增速高)、华泰证券(601688.SH，公司引入阿里作为战略投资者，开始市场化改革，投行业务专业能力强)、招商证券(600999.SH，综合服务能力强)；2)如果一季度市场偏好上升，看好中小券商、次新股的反弹。（文章来源：证券时报网）","该文本情感是积极的。"
"2019-01-02 17:06:01","方正证券回购公司股份1000万股","1月2日，方正证券公布公司股份回购进展。公告称，截至2019年1月2日，公司通过集中竞价方式累计回购股份数量为10,940,255股，占公司目前总股本的比例为0.13%，成交的最高价为5.35 元 / 股 ， 成交的最低价为4.89元/股，支付的总金额为56,554,293.07元(不含印花税、佣金等交易费用)。（文章来源：中国证券报）","该文本情感是中性的。"
